Number,Name,Type1,Type2,HP,ATK,DEF,SPATK,SPDEF,SPD,Ability1,Ability2,Hidden
1,Bulbasaur,Grass,Poison,45,49,49,65,65,45,Overgrow,,Chlorophyll
2,Ivysaur,Grass,Poison,60,62,63,80,80,60,Overgrow,,Chlorophyll
3,Venusaur,Grass,Poison,80,82,83,100,100,80,Overgrow,,Chlorophyll
3,Venusaur-Mega,Grass,Poison,80,100,123,122,120,80,Thick Fat,,
4,Charmander,Fire,,39,52,43,60,50,65,Blaze,,Solar Power
5,Charmeleon,Fire,,58,64,58,80,65,80,Blaze,,Solar Power
6,Charizard,Fire,Flying,78,84,78,109,85,100,Blaze,,Solar Power
6,Charizard-Mega-X,Fire,Dragon,78,130,111,130,85,100,Tough Claws,,
6,Charizard-Mega-Y,Fire,Flying,78,104,78,159,115,100,Drought,,
7,Squirtle,Water,,44,48,65,60,54,43,Torrent,,Rain Dish
8,Wartortle,Water,,59,63,80,65,80,58,Torrent,,Rain Dish
9,Blastoise,Water,,79,83,100,85,105,78,Torrent,,Rain Dish
9,Blastoise-Mega,Water,,79,103,120,135,115,78,Mega Launcher,,
10,Caterpie,Bug,,45,30,35,20,20,45,Shield Dust,,Run Away
11,Metapod,Bug,,50,20,55,25,25,30,Shed Skin,,
12,Butterfree,Bug,Flying,60,45,50,90,80,70,Compoundeyes,,Tinted Lens
13,Weedle,Bug,Poison,40,35,30,20,20,50,Shield Dust,,Run Away
14,Kakuna,Bug,Poison,45,25,50,25,25,35,Shed Skin,,
15,Beedrill,Bug,Poison,65,90,40,40,80,75,Swarm,,Sniper
15,Beedrill-Mega,Bug,Poison,65,150,40,15,80,145,Adaptability,,
16,Pidgey,Normal,Flying,40,45,40,35,35,56,Keen Eye,Tangled Feet,Big Pecks
17,Pidgeotto,Normal,Flying,63,60,55,50,50,71,Keen Eye,Tangled Feet,Big Pecks
18,Pidgeot,Normal,Flying,83,80,75,70,70,91,Keen Eye,Tangled Feet,Big Pecks
18,Pidgeot-Mega,Normal,Flying,83,80,80,135,80,121,No Guard,,
19,Rattata,Normal,,30,56,35,25,35,72,Run Away,Guts,Hustle
19,Rattata-Alola,Dark,Normal,30,56,35,25,35,72,Gluttony,Hustle,Thick Fat
20,Raticate,Normal,,55,81,60,50,70,97,Run Away,Guts,Hustle
20,Raticate-Alola,Dark,Normal,75,71,70,40,80,77,Gluttony,Hustle,Thick Fat
21,Spearow,Normal,Flying,40,60,30,31,31,70,Keen Eye,,Sniper
22,Fearow,Normal,Flying,65,90,65,61,61,100,Keen Eye,,Sniper
23,Ekans,Poison,,30,60,44,40,54,55,Intimidate,Shed Skin,Unnerve
24,Arbok,Poison,,60,95,69,65,79,80,Intimidate,Shed Skin,Unnerve
25,Pikachu,Electric,,35,55,40,50,50,90,Static,,Lightning Rod
26,Raichu,Electric,,60,90,55,90,80,110,Static,,Lightning Rod
26,Raichu-Alola,Electric,Psychic,60,85,50,95,85,110,Surge Surfer,,
27,Sandshrew,Ground,,50,75,85,20,30,40,Sand Veil,,Sand Rush
27,Sandshrew-Alola,Ice,Steel,50,75,90,10,35,40,Snow Cloak,,Slush Rush
28,Sandslash,Ground,,75,100,110,45,55,65,Sand Veil,,Sand Rush
28,Sandslash-Alola,Ice,Steel,75,100,120,25,65,65,Snow Cloak,,Slush Rush
29,Nidoran-F,Poison,,55,47,52,40,40,41,Poison Point,Rivalry,Hustle
30,Nidorina,Poison,,70,62,67,55,55,56,Poison Point,Rivalry,Hustle
31,Nidoqueen,Poison,Ground,90,92,87,75,85,76,Poison Point,Rivalry,Sheer Force
32,Nidoran-M,Poison,,46,57,40,40,40,50,Poison Point,Rivalry,Hustle
33,Nidorino,Poison,,61,72,57,55,55,65,Poison Point,Rivalry,Hustle
34,Nidoking,Poison,Ground,81,102,77,85,75,85,Poison Point,Rivalry,Sheer Force
35,Clefairy,Fairy,,70,45,48,60,65,35,Cute Charm,Magic Guard,Friend Guard
36,Clefable,Fairy,,95,70,73,95,90,60,Cute Charm,Magic Guard,Unaware
37,Vulpix,Fire,,38,41,40,50,65,65,Flash Fire,,Drought
37,Vulpix-Alola,Ice,,38,41,40,50,65,65,Snow Cloak,,Snow Warning
38,Ninetales,Fire,,73,76,75,81,100,100,Flash Fire,,Drought
38,Ninetales-Alola,Ice,Fairy,73,67,75,81,100,109,Snow Cloak,,Snow Warning
39,Jigglypuff,Normal,Fairy,115,45,20,45,25,20,Cute Charm,Competitive,Friend Guard
40,Wigglytuff,Normal,Fairy,140,70,45,85,50,45,Cute Charm,Competitive,Frisk
41,Zubat,Poison,Flying,40,45,35,30,40,55,Inner Focus,,Infiltrator
42,Golbat,Poison,Flying,75,80,70,65,75,90,Inner Focus,,Infiltrator
43,Oddish,Grass,Poison,45,50,55,75,65,30,Chlorophyll,,Run Away
44,Gloom,Grass,Poison,60,65,70,85,75,40,Chlorophyll,,Stench
45,Vileplume,Grass,Poison,75,80,85,110,90,50,Chlorophyll,,Effect Spore
46,Paras,Bug,Grass,35,70,55,45,55,25,Effect Spore,Dry Skin,Damp
47,Parasect,Bug,Grass,60,95,80,60,80,30,Effect Spore,Dry Skin,Damp
48,Venonat,Bug,Poison,60,55,50,40,55,45,Compoundeyes,Tinted Lens,Run Away
49,Venomoth,Bug,Poison,70,65,60,90,75,90,Shield Dust,Tinted Lens,Wonder Skin
50,Diglett,Ground,,10,55,25,35,45,95,Sand Veil,Arena Trap,Sand Force
50,Diglett-Alola,Ground,Steel,10,55,30,35,45,90,Sand Veil,Tangling Hair,Sand Force
51,Dugtrio,Ground,,35,100,50,50,70,120,Sand Veil,Arena Trap,Sand Force
51,Dugtrio-Alola,Ground,Steel,35,100,60,50,70,110,Sand Veil,Tangling Hair,Sand Force
52,Meowth,Normal,,40,45,35,40,40,90,Pickup,Technician,Unnerve
52,Meowth-Alola,Dark,,40,35,35,50,40,90,Pickup,Technician,Rattled
52,Meowth-Galar,Steel,,50,65,55,40,40,40,Pickup,Tough Claws,Unnerve
53,Persian,Normal,,65,70,60,65,65,115,Limber,Technician,Unnerve
53,Persian-Alola,Dark,,65,60,60,75,65,115,Fur Coat,Technician,Rattled
54,Psyduck,Water,,50,52,48,65,50,55,Damp,Cloud Nine,Swift Swim
55,Golduck,Water,,80,82,78,95,80,85,Damp,Cloud Nine,Swift Swim
56,Mankey,Fighting,,40,80,35,35,45,70,Vital Spirit,Anger Point,Defiant
57,Primeape,Fighting,,65,105,60,60,70,95,Vital Spirit,Anger Point,Defiant
58,Growlithe,Fire,,55,70,45,70,50,60,Intimidate,Flash Fire,Justified
58,Growlithe-Hisui,Fire,Rock,60,75,45,65,50,55,Intimidate,Flash Fire,Rock Head
59,Arcanine,Fire,,90,110,80,100,80,95,Intimidate,Flash Fire,Justified
59,Arcanine-Hisui,Fire,Rock,95,115,80,95,80,90,Intimidate,Flash Fire,Rock Head
60,Poliwag,Water,,40,50,40,40,40,90,Water Absorb,Damp,Swift Swim
61,Poliwhirl,Water,,65,65,65,50,50,90,Water Absorb,Damp,Swift Swim
62,Poliwrath,Water,Fighting,90,95,95,70,90,70,Water Absorb,Damp,Swift Swim
63,Abra,Psychic,,25,20,15,105,55,90,Synchronize,Inner Focus,Magic Guard
64,Kadabra,Psychic,,40,35,30,120,70,105,Synchronize,Inner Focus,Magic Guard
65,Alakazam,Psychic,,55,50,45,135,95,120,Synchronize,Inner Focus,Magic Guard
65,Alakazam-Mega,Psychic,,55,50,65,175,95,150,Trace,,
66,Machop,Fighting,,70,80,50,35,35,35,Guts,No Guard,Steadfast
67,Machoke,Fighting,,80,100,70,50,60,45,Guts,No Guard,Steadfast
68,Machamp,Fighting,,90,130,80,65,85,55,Guts,No Guard,Steadfast
69,Bellsprout,Grass,Poison,50,75,35,70,30,40,Chlorophyll,,Gluttony
70,Weepinbell,Grass,Poison,65,90,50,85,45,55,Chlorophyll,,Gluttony
71,Victreebel,Grass,Poison,80,105,65,100,70,70,Chlorophyll,,Gluttony
72,Tentacool,Water,Poison,40,40,35,50,100,70,Clear Body,Liquid Ooze,Rain Dish
73,Tentacruel,Water,Poison,80,70,65,80,120,100,Clear Body,Liquid Ooze,Rain Dish
74,Geodude,Rock,Ground,40,80,100,30,30,20,Rock Head,Sturdy,Sand Veil
74,Geodude-Alola,Rock,Electric,40,80,100,30,30,20,Magnet Pull,Sturdy,Galvanize
75,Graveler,Rock,Ground,55,95,115,45,45,35,Rock Head,Sturdy,Sand Veil
75,Graveler-Alola,Rock,Electric,55,95,115,45,45,35,Magnet Pull,Sturdy,Galvanize
76,Golem,Rock,Ground,80,120,130,55,65,45,Rock Head,Sturdy,Sand Veil
76,Golem-Alola,Rock,Electric,80,120,130,55,65,45,Magnet Pull,Sturdy,Galvanize
77,Ponyta,Fire,,50,85,55,65,65,90,Run Away,Flash Fire,Flame Body
77,Ponyta-Galar,Psychic,,50,85,55,65,65,90,Run Away,Pastel Veil,Anticipation
78,Rapidash,Fire,,65,100,70,80,80,105,Run Away,Flash Fire,Flame Body
78,Rapidash-Galar,Psychic,Fairy,65,100,70,80,80,105,Run Away,Pastel Veil,Anticipation
79,Slowpoke,Water,Psychic,90,65,65,40,40,15,Oblivious,Own Tempo,Regenerator
79,Slowpoke-Galar,Psychic,,90,65,65,40,40,15,Gluttony,Own Tempo,Regenerator
80,Slowbro,Water,Psychic,95,75,110,100,80,30,Oblivious,Own Tempo,Regenerator
80,Slowbro-Mega,Water,Psychic,95,75,180,130,80,30,Shell Armor,,
80,Slowbro-Galar,Poison,Psychic,95,100,85,100,70,30,Quick Draw,Own Tempo,Regenerator
81,Magnemite,Electric,Steel,25,35,70,95,55,45,Magnet Pull,Sturdy,Analytic
82,Magneton,Electric,Steel,50,60,95,120,70,70,Magnet Pull,Sturdy,Analytic
83,Farfetch'd,Normal,Flying,52,90,55,58,62,60,Keen Eye,Inner Focus,Defiant
83,Farfetch'd-Galar,Fighting,,52,95,55,58,62,55,Steadfast,Steadfast,Scrappy
84,Doduo,Normal,Flying,35,85,45,35,35,75,Run Away,Early Bird,Tangled Feet
85,Dodrio,Normal,Flying,60,110,70,60,60,110,Run Away,Early Bird,Tangled Feet
86,Seel,Water,,65,45,55,45,70,45,Thick Fat,Hydration,Ice Body
87,Dewgong,Water,Ice,90,70,80,70,95,70,Thick Fat,Hydration,Ice Body
88,Grimer,Poison,,80,80,50,40,50,25,Stench,Sticky Hold,Poison Touch
88,Grimer-Alola,Poison,Dark,80,80,50,40,50,25,Poison Touch,Gluttony,Power of Alchemy
89,Muk,Poison,,105,105,75,65,100,50,Stench,Sticky Hold,Poison Touch
89,Muk-Alola,Poison,Dark,105,105,75,65,100,50,Poison Touch,Gluttony,Power of Alchemy
90,Shellder,Water,,30,65,100,45,25,40,Shell Armor,Skill Link,Overcoat
91,Cloyster,Water,Ice,50,95,180,85,45,70,Shell Armor,Skill Link,Overcoat
92,Gastly,Ghost,Poison,30,35,30,100,35,80,Levitate,,
93,Haunter,Ghost,Poison,45,50,45,115,55,95,Levitate,,
94,Gengar,Ghost,Poison,60,65,60,130,75,110,Cursed Body,,
94,Gengar-Mega,Ghost,Poison,60,65,80,170,95,130,Shadow Tag,,
95,Onix,Rock,Ground,35,45,160,30,45,70,Rock Head,Sturdy,Weak Armor
96,Drowzee,Psychic,,60,48,45,43,90,42,Insomnia,Forewarn,Inner Focus
97,Hypno,Psychic,,85,73,70,73,115,67,Insomnia,Forewarn,Inner Focus
98,Krabby,Water,,30,105,90,25,25,50,Hyper Cutter,Shell Armor,Sheer Force
99,Kingler,Water,,55,130,115,50,50,75,Hyper Cutter,Shell Armor,Sheer Force
100,Voltorb,Electric,,40,30,50,55,55,100,Soundproof,Static,Aftermath
100,Voltorb-Hisui,Electric,Grass,40,30,50,55,55,100,Soundproof,Static,Aftermath
101,Electrode,Electric,,60,50,70,80,80,150,Soundproof,Static,Aftermath
101,Electrode-Hisui,Electric,Grass,60,50,70,80,80,150,Soundproof,Static,Aftermath
102,Exeggcute,Grass,Psychic,60,40,80,60,45,40,Chlorophyll,,Harvest
103,Exeggutor,Grass,Psychic,95,95,85,125,75,55,Chlorophyll,,Harvest
103,Exeggutor-Alola,Grass,Dragon,95,105,85,125,75,45,Frisk,,Harvest
104,Cubone,Ground,,50,50,95,40,50,35,Rock Head,Lightning Rod,Battle Armor
105,Marowak,Ground,,60,80,110,50,80,45,Rock Head,Lightning Rod,Battle Armor
105,Marowak-Alola,Fire,Ghost,60,80,110,50,80,45,Cursed Body,Lightning Rod,Rock Head
106,Hitmonlee,Fighting,,50,120,53,35,110,87,Limber,Reckless,Unburden
107,Hitmonchan,Fighting,,50,105,79,35,110,76,Keen Eye,Iron Fist,Inner Focus
108,Lickitung,Normal,,90,55,75,60,75,30,Own Tempo,Oblivious,Cloud Nine
109,Koffing,Poison,,40,65,95,60,45,35,Levitate,Neutralizing Gas,Stench
110,Weezing,Poison,,65,90,120,85,70,60,Levitate,Neutralizing Gas,Stench
110,Weezing-Galar,Poison,Fairy,65,90,120,85,70,60,Levitate,Neutralizing Gas,Misty Surge
111,Rhyhorn,Ground,Rock,80,85,95,30,30,25,Lightning Rod,Rock Head,Reckless
112,Rhydon,Ground,Rock,105,130,120,45,45,40,Lightning Rod,Rock Head,Reckless
113,Chansey,Normal,,250,5,5,35,105,50,Natural Cure,Serene Grace,Healer
114,Tangela,Grass,,65,55,115,100,40,60,Chlorophyll,Leaf Guard,Regenerator
115,Kangaskhan,Normal,,105,95,80,40,80,90,Early Bird,Scrappy,Inner Focus
115,Kangaskhan-Mega,Normal,,105,125,100,60,100,100,Parental Bond,,
116,Horsea,Water,,30,40,70,70,25,60,Swift Swim,Sniper,Damp
117,Seadra,Water,,55,65,95,95,45,85,Poison Point,Sniper,Damp
118,Goldeen,Water,,45,67,60,35,50,63,Swift Swim,Water Veil,Lightning Rod
119,Seaking,Water,,80,92,65,65,80,68,Swift Swim,Water Veil,Lightning Rod
120,Staryu,Water,,30,45,55,70,55,85,Illuminate,Natural Cure,Analytic
121,Starmie,Water,Psychic,60,75,85,100,85,115,Illuminate,Natural Cure,Analytic
122,Mr. Mime,Psychic,Fairy,40,45,65,100,120,90,Soundproof,Filter,Technician
122,Mr. Mime-Galar,Ice,Psychic,50,65,65,90,90,100,Vital Spirit,Screen Cleaner,Ice Body
123,Scyther,Bug,Flying,70,110,80,55,80,105,Swarm,Technician,Steadfast
124,Jynx,Ice,Psychic,65,50,35,115,95,95,Oblivious,Forewarn,Dry Skin
125,Electabuzz,Electric,,65,83,57,95,85,105,Static,,Vital Spirit
126,Magmar,Fire,,65,95,57,100,85,93,Flame Body,,Vital Spirit
127,Pinsir,Bug,,65,125,100,55,70,85,Hyper Cutter,Mold Breaker,Moxie
127,Pinsir-Mega,Bug,Flying,65,155,120,65,90,105,Aerilate,,
128,Tauros,Normal,,75,100,95,40,70,110,Intimidate,Anger Point,Sheer Force
128,Tauros-Paldea-Combat,Fighting,,75,110,105,30,70,100,Intimidate,Anger Point,Cud Chew
128,Tauros-Paldea-Blaze,Fighting,Fire,75,110,105,30,70,100,Intimidate,Anger Point,Cud Chew
128,Tauros-Paldea-Aqua,Fighting,Water,75,110,105,30,70,100,Intimidate,Anger Point,Cud Chew
129,Magikarp,Water,,20,10,55,15,20,80,Swift Swim,,Rattled
130,Gyarados,Water,Flying,95,125,79,60,100,81,Intimidate,,Moxie
130,Gyarados-Mega,Water,Dark,95,155,109,70,130,81,Mold Breaker,,
131,Lapras,Water,Ice,130,85,80,85,95,60,Water Absorb,Shell Armor,Hydration
132,Ditto,Normal,,48,48,48,48,48,48,Limber,,Imposter
133,Eevee,Normal,,55,55,50,45,65,55,Run Away,Adaptability,Anticipation
134,Vaporeon,Water,,130,65,60,110,95,65,Water Absorb,,Hydration
135,Jolteon,Electric,,65,65,60,110,95,130,Volt Absorb,,Quick Feet
136,Flareon,Fire,,65,130,60,95,110,65,Flash Fire,,Guts
137,Porygon,Normal,,65,60,70,85,75,40,Trace,Download,Analytic
138,Omanyte,Rock,Water,35,40,100,90,55,35,Swift Swim,Shell Armor,Weak Armor
139,Omastar,Rock,Water,70,60,125,115,70,55,Swift Swim,Shell Armor,Weak Armor
140,Kabuto,Rock,Water,30,80,90,55,45,55,Swift Swim,Battle Armor,Weak Armor
141,Kabutops,Rock,Water,60,115,105,65,70,80,Swift Swim,Battle Armor,Weak Armor
142,Aerodactyl,Rock,Flying,80,105,65,60,75,130,Rock Head,Pressure,Unnerve
142,Aerodactyl-Mega,Rock,Flying,80,135,85,70,95,150,Tough Claws,,
143,Snorlax,Normal,,160,110,65,65,110,30,Immunity,Thick Fat,Gluttony
144,Articuno,Ice,Flying,90,85,100,95,125,85,Pressure,,Snow Cloak
144,Articuno-Galar,Psychic,Flying,90,85,85,125,100,95,Competitive,,
145,Zapdos,Electric,Flying,90,90,85,125,90,100,Pressure,,Static
145,Zapdos-Galar,Fighting,Flying,90,125,90,85,90,100,Defiant,,
146,Moltres,Fire,Flying,90,100,90,125,85,90,Pressure,,Flame Body
146,Moltres-Galar,Dark,Flying,90,85,90,100,125,90,Berserk,,
147,Dratini,Dragon,,41,64,45,50,50,50,Shed Skin,,Marvel Scale
148,Dragonair,Dragon,,61,84,65,70,70,70,Shed Skin,,Marvel Scale
149,Dragonite,Dragon,Flying,91,134,95,100,100,80,Inner Focus,,Multiscale
150,Mewtwo,Psychic,,106,110,90,154,90,130,Pressure,,Unnerve
150,Mewtwo-Mega-X,Psychic,Fighting,106,190,100,154,100,130,Steadfast,,
150,Mewtwo-Mega-Y,Psychic,,106,150,70,194,120,140,Insomnia,,
151,Mew,Psychic,,100,100,100,100,100,100,Synchronize,,
152,Chikorita,Grass,,45,49,65,49,65,45,Overgrow,,Leaf Guard
153,Bayleef,Grass,,60,62,80,63,80,69,Overgrow,,Leaf Guard
154,Meganium,Grass,,80,82,100,83,100,80,Overgrow,,Leaf Guard
155,Cyndaquil,Fire,,39,52,43,60,50,65,Blaze,,Flash Fire
156,Quilava,Fire,,58,64,58,80,65,80,Blaze,,Flash Fire
157,Typhlosion,Fire,,78,84,78,109,85,100,Blaze,,Flash Fire
157,Typhlosion-Hisui,Fire,Ghost,73,84,78,119,85,95,Blaze,,Frisk
158,Totodile,Water,,50,65,64,44,48,43,Torrent,,Sheer Force
159,Croconaw,Water,,65,80,80,59,63,58,Torrent,,Sheer Force
160,Feraligatr,Water,,85,105,100,79,83,78,Torrent,,Sheer Force
161,Sentret,Normal,,35,46,34,35,45,20,Run Away,Keen Eye,Frisk
162,Furret,Normal,,85,76,64,45,55,90,Run Away,Keen Eye,Frisk
163,Hoothoot,Normal,Flying,60,30,30,36,56,50,Insomnia,Keen Eye,Tinted Lens
164,Noctowl,Normal,Flying,100,50,50,86,96,70,Insomnia,Keen Eye,Tinted Lens
165,Ledyba,Bug,Flying,40,20,30,40,80,55,Swarm,Early Bird,Rattled
166,Ledian,Bug,Flying,55,35,50,55,110,85,Swarm,Early Bird,Iron Fist
167,Spinarak,Bug,Poison,40,60,40,40,40,30,Swarm,Insomnia,Sniper
168,Ariados,Bug,Poison,70,90,70,60,70,40,Swarm,Insomnia,Sniper
169,Crobat,Poison,Flying,85,90,80,70,80,130,Inner Focus,,Infiltrator
170,Chinchou,Water,Electric,75,38,38,56,56,67,Volt Absorb,Illuminate,Water Absorb
171,Lanturn,Water,Electric,125,58,58,76,76,67,Volt Absorb,Illuminate,Water Absorb
172,Pichu,Electric,,20,40,15,35,35,60,Static,,Lightning Rod
173,Cleffa,Fairy,,50,25,28,45,55,15,Cute Charm,Magic Guard,Friend Guard
174,Igglybuff,Normal,Fairy,90,30,15,40,20,15,Cute Charm,,Friend Guard
175,Togepi,Fairy,,35,20,65,40,65,20,Hustle,Serene Grace,Super Luck
176,Togetic,Fairy,Flying,55,40,85,80,105,40,Hustle,Serene Grace,Super Luck
177,Natu,Psychic,Flying,40,50,45,70,45,70,Synchronize,Early Bird,Magic Bounce
178,Xatu,Psychic,Flying,65,75,70,95,70,95,Synchronize,Early Bird,Magic Bounce
179,Mareep,Electric,,55,40,40,65,45,35,Static,,Plus
180,Flaaffy,Electric,,70,55,55,80,60,45,Static,,Plus
181,Ampharos,Electric,,90,75,85,115,90,55,Static,,Plus
181,Ampharos-Mega,Electric,Dragon,90,95,105,165,110,45,Mold Breaker,,
182,Bellossom,Grass,,75,80,95,90,100,50,Chlorophyll,,Healer
183,Marill,Water,Fairy,70,20,50,20,50,40,Thick Fat,Huge Power,Sap Sipper
184,Azumarill,Water,Fairy,100,50,80,60,80,50,Thick Fat,Huge Power,Sap Sipper
185,Sudowoodo,Rock,,70,100,115,30,65,30,Sturdy,Rock Head,Rattled
186,Politoed,Water,,90,75,75,90,100,70,Water Absorb,Damp,Drizzle
187,Hoppip,Grass,Flying,35,35,40,35,55,50,Chlorophyll,Leaf Guard,Infiltrator
188,Skiploom,Grass,Flying,55,45,50,45,65,80,Chlorophyll,Leaf Guard,Infiltrator
189,Jumpluff,Grass,Flying,75,55,70,55,95,110,Chlorophyll,Leaf Guard,Infiltrator
190,Aipom,Normal,,55,70,55,40,55,85,Run Away,Pickup,Skill Link
191,Sunkern,Grass,,30,30,30,30,30,30,Chlorophyll,Solar Power,Early Bird
192,Sunflora,Grass,,75,75,55,105,85,30,Chlorophyll,Solar Power,Early Bird
193,Yanma,Bug,Flying,65,65,45,75,45,95,Speed Boost,Compoundeyes,Frisk
194,Wooper,Water,Ground,55,45,45,25,25,15,Damp,Water Absorb,Unaware
194,Wooper-Paldean,Poison,Ground,55,45,45,25,25,15,Poison Point,Water Absorb,Unaware
195,Quagsire,Water,Ground,95,85,85,65,65,35,Damp,Water Absorb,Unaware
196,Espeon,Psychic,,65,65,60,130,95,110,Synchronize,,Magic Bounce
197,Umbreon,Dark,,95,65,110,60,130,65,Synchronize,,Inner Focus
198,Murkrow,Dark,Flying,60,85,42,85,42,91,Insomnia,Super Luck,Prankster
199,Slowking,Water,Psychic,95,75,80,100,110,30,Oblivious,Own Tempo,Regenerator
199,Slowking-Galar,Poison,Psychic,95,65,80,110,110,30,Curious Medicine,Own Tempo,Regenerator
200,Misdreavus,Ghost,,60,60,60,85,85,85,Levitate,,
201,Unown,Psychic,,48,72,48,72,48,48,Levitate,,
202,Wobbuffet,Psychic,,190,33,58,33,58,33,Shadow Tag,,Telepathy
203,Girafarig,Normal,Psychic,70,80,65,90,65,85,Inner Focus,Early Bird,Sap Sipper
204,Pineco,Bug,,50,65,90,35,35,15,Sturdy,,Overcoat
205,Forretress,Bug,Steel,75,90,140,60,60,40,Sturdy,,Overcoat
206,Dunsparce,Normal,,100,70,70,65,65,45,Serene Grace,Run Away,Rattled
207,Gligar,Ground,Flying,65,75,105,35,65,85,Hyper Cutter,Sand Veil,Immunity
208,Steelix,Steel,Ground,75,85,200,55,65,30,Rock Head,Sturdy,Sheer Force
208,Steelix-Mega,Steel,Ground,75,125,230,55,95,30,Sand Force,,
209,Snubbull,Fairy,,60,80,50,40,40,30,Intimidate,Run Away,Rattled
210,Granbull,Fairy,,90,120,75,60,60,45,Intimidate,Quick Feet,Rattled
211,Qwilfish,Water,Poison,65,95,85,55,55,85,Poison Point,Swift Swim,Intimidate
211,Qwilfish-Hisui,Dark,Poison,65,95,85,55,55,85,Poison Point,Swift Swim,Intimidate
212,Scizor,Bug,Steel,70,130,100,55,80,65,Swarm,Technician,Light Metal
212,Scizor-Mega,Bug,Steel,70,150,140,65,100,75,Technician,,
213,Shuckle,Bug,Rock,20,10,230,10,230,5,Sturdy,Gluttony,Contrary
214,Heracross,Bug,Fighting,80,125,75,40,95,85,Swarm,Guts,Moxie
214,Heracross-Mega,Bug,Fighting,80,185,115,40,105,75,Skill Link,,
215,Sneasel,Dark,Ice,55,95,55,35,75,115,Inner Focus,Keen Eye,Pickpocket
215,Sneasel-Hisui,Fighting,Poison,55,95,55,35,75,115,Inner Focus,Keen Eye,Pickpocket
216,Teddiursa,Normal,,60,80,50,50,50,40,Pickup,Quick Feet,Honey Gather
217,Ursaring,Normal,,90,130,75,75,75,55,Guts,Quick Feet,Unnerve
218,Slugma,Fire,,40,40,40,70,40,20,Magma Armor,Flame Body,Weak Armor
219,Magcargo,Fire,Rock,60,50,120,90,80,30,Magma Armor,Flame Body,Weak Armor
220,Swinub,Ice,Ground,50,50,40,30,30,50,Oblivious,Snow Cloak,Thick Fat
221,Piloswine,Ice,Ground,100,100,80,60,60,50,Oblivious,Snow Cloak,Thick Fat
222,Corsola,Water,Rock,65,55,95,65,95,35,Hustle,Natural Cure,Regenerator
222,Corsola-Galar,Ghost,,60,55,100,65,100,30,Weak Armor,,Cursed Body
223,Remoraid,Water,,35,65,35,65,35,65,Hustle,Sniper,Moody
224,Octillery,Water,,75,105,75,105,75,45,Suction Cups,Sniper,Moody
225,Delibird,Ice,Flying,45,55,45,65,45,75,Vital Spirit,Hustle,Insomnia
226,Mantine,Water,Flying,85,40,70,80,140,70,Swift Swim,Water Absorb,Water Veil
227,Skarmory,Steel,Flying,65,80,140,40,70,70,Keen Eye,Sturdy,Weak Armor
228,Houndour,Dark,Fire,45,60,30,80,50,65,Early Bird,Flash Fire,Unnerve
229,Houndoom,Dark,Fire,75,90,50,110,80,95,Early Bird,Flash Fire,Unnerve
229,Houndoom-Mega,Dark,Fire,75,90,90,140,90,115,Solar Power,,
230,Kingdra,Water,Dragon,75,95,95,95,95,85,Swift Swim,Sniper,Damp
231,Phanpy,Ground,,90,60,60,40,40,40,Pickup,,Sand Veil
232,Donphan,Ground,,90,120,120,60,60,50,Sturdy,,Sand Veil
233,Porygon2,Normal,,85,80,90,105,95,60,Trace,Download,Analytic
234,Stantler,Normal,,73,95,62,85,65,85,Intimidate,Frisk,Sap Sipper
235,Smeargle,Normal,,55,20,35,20,45,75,Own Tempo,Technician,Moody
236,Tyrogue,Fighting,,35,35,35,35,35,35,Guts,Steadfast,Vital Spirit
237,Hitmontop,Fighting,,50,95,95,35,110,70,Intimidate,Technician,Steadfast
238,Smoochum,Ice,Psychic,45,30,15,85,65,65,Oblivious,Forewarn,Hydration
239,Elekid,Electric,,45,63,37,65,55,95,Static,,Vital Spirit
240,Magby,Fire,,45,75,37,70,55,83,Flame Body,,Vital Spirit
241,Miltank,Normal,,95,80,105,40,70,100,Thick Fat,Scrappy,Sap Sipper
242,Blissey,Normal,,255,10,10,75,135,55,Natural Cure,Serene Grace,Healer
243,Raikou,Electric,,90,85,75,115,100,115,Pressure,,Inner Focus
244,Entei,Fire,,115,115,85,90,75,100,Pressure,,Inner Focus
245,Suicune,Water,,100,75,115,90,115,85,Pressure,,Inner Focus
246,Larvitar,Rock,Ground,50,64,50,45,50,41,Guts,,Sand Veil
247,Pupitar,Rock,Ground,70,84,70,65,70,51,Shed Skin,,
248,Tyranitar,Rock,Dark,100,134,110,95,100,61,Sand Stream,,Unnerve
248,Tyranitar-Mega,Rock,Dark,100,164,150,95,120,71,Sand Stream,,
249,Lugia,Psychic,Flying,106,90,130,90,154,110,Pressure,,Multiscale
250,Ho-oh,Fire,Flying,106,130,90,110,154,90,Pressure,,Regenerator
251,Celebi,Psychic,Grass,100,100,100,100,100,100,Natural Cure,,
252,Treecko,Grass,,40,45,35,65,55,70,Overgrow,,Unburden
253,Grovyle,Grass,,50,65,45,85,65,95,Overgrow,,Unburden
254,Sceptile,Grass,,70,85,65,105,85,120,Overgrow,,Unburden
254,Sceptile-Mega,Grass,Dragon,70,110,75,145,85,145,Lightning Rod,,
255,Torchic,Fire,,45,60,40,70,50,45,Blaze,,Speed Boost
256,Combusken,Fire,Fighting,60,85,60,85,60,55,Blaze,,Speed Boost
257,Blaziken,Fire,Fighting,80,120,70,110,70,80,Blaze,,Speed Boost
257,Blaziken-Mega,Fire,Fighting,80,160,80,130,80,100,Speed Boost,,
258,Mudkip,Water,,50,70,50,50,50,40,Torrent,,Damp
259,Marshtomp,Water,Ground,70,85,70,60,70,50,Torrent,,Damp
260,Swampert,Water,Ground,100,110,90,85,90,60,Torrent,,Damp
260,Swampert-Mega,Water,Ground,100,150,110,95,110,70,Swift Swim,,
261,Poochyena,Dark,,35,55,35,30,30,35,Run Away,Quick Feet,Rattled
262,Mightyena,Dark,,70,90,70,60,60,70,Intimidate,Quick Feet,Moxie
263,Zigzagoon,Normal,,38,30,41,30,41,60,Pickup,Gluttony,Quick Feet
263,Zigzagoon-Galar,Dark,Normal,38,30,41,30,41,60,Pickup,Gluttony,Quick Feet
264,Linoone,Normal,,78,70,61,50,61,100,Pickup,Gluttony,Quick Feet
264,Linoone-Galar,Dark,Normal,78,70,61,50,61,100,Pickup,Gluttony,Quick Feet
265,Wurmple,Bug,,45,45,35,20,30,20,Shield Dust,,Run Away
266,Silcoon,Bug,,50,35,55,25,25,15,Shed Skin,,
267,Beautifly,Bug,Flying,60,70,50,100,50,65,Swarm,,Rivalry
268,Cascoon,Bug,,50,35,55,25,25,15,Shed Skin,,
269,Dustox,Bug,Poison,60,50,70,50,90,65,Shield Dust,,Compoundeyes
270,Lotad,Water,Grass,40,30,30,40,50,30,Swift Swim,Rain Dish,Own Tempo
271,Lombre,Water,Grass,60,50,50,60,70,50,Swift Swim,Rain Dish,Own Tempo
272,Ludicolo,Water,Grass,80,70,70,90,100,70,Swift Swim,Rain Dish,Own Tempo
273,Seedot,Grass,,40,40,50,30,30,30,Chlorophyll,Early Bird,Pickpocket
274,Nuzleaf,Grass,Dark,70,70,40,60,40,60,Chlorophyll,Early Bird,Pickpocket
275,Shiftry,Grass,Dark,90,100,60,90,60,80,Chlorophyll,Early Bird,Pickpocket
276,Taillow,Normal,Flying,40,55,30,30,30,85,Guts,,Scrappy
277,Swellow,Normal,Flying,60,85,60,75,50,125,Guts,,Scrappy
278,Wingull,Water,Flying,40,30,30,55,30,85,Keen Eye,Hydration,Rain Dish
279,Pelipper,Water,Flying,60,50,100,95,70,65,Keen Eye,Drizzle,Rain Dish
280,Ralts,Psychic,Fairy,28,25,25,45,35,40,Synchronize,Trace,Telepathy
281,Kirlia,Psychic,Fairy,38,35,35,65,55,50,Synchronize,Trace,Telepathy
282,Gardevoir,Psychic,Fairy,68,65,65,125,115,80,Synchronize,Trace,Telepathy
282,Gardevoir-Mega,Psychic,Fairy,68,85,65,165,135,100,Pixilate,,
283,Surskit,Bug,Water,40,30,32,50,52,65,Swift Swim,,Rain Dish
284,Masquerain,Bug,Flying,70,60,62,100,82,80,Intimidate,,Unnerve
285,Shroomish,Grass,,60,40,60,40,60,35,Effect Spore,Poison Heal,Quick Feet
286,Breloom,Grass,Fighting,60,130,80,60,60,70,Effect Spore,Poison Heal,Technician
287,Slakoth,Normal,,60,60,60,35,35,30,Truant,,
288,Vigoroth,Normal,,80,80,80,55,55,90,Vital Spirit,,
289,Slaking,Normal,,150,160,100,95,65,100,Truant,,
290,Nincada,Bug,Ground,31,45,90,30,30,40,Compoundeyes,,Run Away
291,Ninjask,Bug,Flying,61,90,45,50,50,160,Speed Boost,,Infiltrator
292,Shedinja,Bug,Ghost,1,90,45,30,30,40,Wonder Guard,,
293,Whismur,Normal,,64,51,23,51,23,28,Soundproof,,Rattled
294,Loudred,Normal,,84,71,43,71,43,48,Soundproof,,Scrappy
295,Exploud,Normal,,104,91,63,91,73,68,Soundproof,,Scrappy
296,Makuhita,Fighting,,72,60,30,20,30,25,Thick Fat,Guts,Sheer Force
297,Hariyama,Fighting,,144,120,60,40,60,50,Thick Fat,Guts,Sheer Force
298,Azurill,Normal,Fairy,50,20,40,20,40,20,Thick Fat,Huge Power,Sap Sipper
299,Nosepass,Rock,,30,45,135,45,90,30,Sturdy,Magnet Pull,Sand Force
300,Skitty,Normal,,50,45,45,35,35,50,Cute Charm,Normalize,Wonder Skin
301,Delcatty,Normal,,70,65,65,55,55,90,Cute Charm,Normalize,Wonder Skin
302,Sableye,Dark,Ghost,50,75,75,65,65,50,Keen Eye,Stall,Prankster
302,Sableye-Mega,Dark,Ghost,50,85,125,85,115,20,Magic Bounce,,
303,Mawile,Steel,Fairy,50,85,85,55,55,50,Hyper Cutter,Intimidate,Sheer Force
303,Mawile-Mega,Steel,Fairy,50,105,125,55,95,50,Huge Power,,
304,Aron,Steel,Rock,50,70,100,40,40,30,Sturdy,Rock Head,Heavy Metal
305,Lairon,Steel,Rock,60,90,140,50,50,40,Sturdy,Rock Head,Heavy Metal
306,Aggron,Steel,Rock,70,110,180,60,60,50,Sturdy,Rock Head,Heavy Metal
306,Aggron-Mega,Steel,,70,140,230,60,80,50,Filter,,
307,Meditite,Fighting,Psychic,30,40,55,40,55,60,Pure Power,,Telepathy
308,Medicham,Fighting,Psychic,60,60,75,60,75,80,Pure Power,,Telepathy
308,Medicham-Mega,Fighting,Psychic,60,100,85,80,85,100,Pure Power,,
309,Electrike,Electric,,40,45,40,65,40,65,Static,Lightning Rod,Minus
310,Manectric,Electric,,70,75,60,105,60,105,Static,Lightning Rod,Minus
310,Manetric-Mega,Electric,,70,75,80,135,80,135,Intimidate,,
311,Plusle,Electric,,60,50,40,85,75,95,Plus,,
312,Minun,Electric,,60,40,50,75,85,95,Minus,,
313,Volbeat,Bug,,65,73,75,47,85,85,Illuminate,Swarm,Prankster
314,Illumise,Bug,,65,47,75,73,85,85,Oblivious,Tinted Lens,Prankster
315,Roselia,Grass,Poison,50,60,45,100,80,65,Natural Cure,Poison Point,Leaf Guard
316,Gulpin,Poison,,70,43,53,43,53,40,Liquid Ooze,Sticky Hold,Gluttony
317,Swalot,Poison,,100,73,83,73,83,55,Liquid Ooze,Sticky Hold,Gluttony
318,Carvanha,Water,Dark,45,90,20,65,20,65,Rough Skin,,Speed Boost
319,Sharpedo,Water,Dark,70,120,40,95,40,95,Rough Skin,,Speed Boost
319,Sharpedo-Mega,Water,Dark,70,140,70,110,65,105,Strong Jaw,,
320,Wailmer,Water,,130,70,35,70,35,60,Water Veil,Oblivious,Pressure
321,Wailord,Water,,170,90,45,90,45,60,Water Veil,Oblivious,Pressure
322,Numel,Fire,Ground,60,60,40,65,45,35,Oblivious,Simple,Own Tempo
323,Camerupt,Fire,Ground,70,100,70,105,75,40,Magma Armor,Solid Rock,Anger Point
323,Camerupt-Mega,Fire,Ground,70,120,100,145,105,20,Sheer Force,,
324,Torkoal,Fire,,70,85,140,85,70,20,White Smoke,Drought,Shell Armor
325,Spoink,Psychic,,60,25,35,70,80,60,Thick Fat,Own Tempo,Gluttony
326,Grumpig,Psychic,,80,45,65,90,110,80,Thick Fat,Own Tempo,Gluttony
327,Spinda,Normal,,60,60,60,60,60,60,Own Tempo,Tangled Feet,Contrary
328,Trapinch,Ground,,45,100,45,45,45,10,Hyper Cutter,Arena Trap,Sheer Force
329,Vibrava,Ground,Dragon,50,70,50,50,50,70,Levitate,,
330,Flygon,Ground,Dragon,80,100,80,80,80,100,Levitate,,
331,Cacnea,Grass,,50,85,40,85,40,35,Sand Veil,,Water Absorb
332,Cacturne,Grass,Dark,70,115,60,115,60,55,Sand Veil,,Water Absorb
333,Swablu,Normal,Flying,45,40,60,40,75,50,Natural Cure,,Cloud Nine
334,Altaria,Dragon,Flying,75,70,90,70,105,80,Natural Cure,,Cloud Nine
334,Altaria-Mega,Dragon,Fairy,75,110,110,110,105,80,Pixilate,,
335,Zangoose,Normal,,73,115,60,60,60,90,Immunity,,Toxic Boost
336,Seviper,Poison,,73,100,60,100,60,65,Shed Skin,,Infiltrator
337,Lunatone,Rock,Psychic,90,55,65,95,85,70,Levitate,,
338,Solrock,Rock,Psychic,90,95,85,55,65,70,Levitate,,
339,Barboach,Water,Ground,50,48,43,46,41,60,Oblivious,Anticipation,Hydration
340,Whiscash,Water,Ground,110,78,73,76,71,60,Oblivious,Anticipation,Hydration
341,Corphish,Water,,43,80,65,50,35,35,Hyper Cutter,Shell Armor,Adaptability
342,Crawdaunt,Water,Dark,63,120,85,90,55,55,Hyper Cutter,Shell Armor,Adaptability
343,Baltoy,Ground,Psychic,40,40,55,40,70,55,Levitate,,
344,Claydol,Ground,Psychic,60,70,105,70,120,75,Levitate,,
345,Lileep,Rock,Grass,66,41,77,61,87,23,Suction Cups,,Storm Drain
346,Cradily,Rock,Grass,86,81,97,81,107,43,Suction Cups,,Storm Drain
347,Anorith,Rock,Bug,45,95,50,40,50,75,Battle Armor,,Swift Swim
348,Armaldo,Rock,Bug,75,125,100,70,80,45,Battle Armor,,Swift Swim
349,Feebas,Water,,20,15,20,10,55,80,Swift Swim,,Adaptability
350,Milotic,Water,,95,60,79,100,125,81,Marvel Scale,Competitive,Cute Charm
351,Castform,Normal,,70,70,70,70,70,70,Forecast,,
351,Castform-Rainy,Water,,70,70,70,70,70,70,Forecast,,
351,Castform-Snowy,Ice,,70,70,70,70,70,70,Forecast,,
351,Castform-Sunny,Fire,,70,70,70,70,70,70,Forecast,,
352,Kecleon,Normal,,60,90,70,60,120,40,Color Change,,
353,Shuppet,Ghost,,44,75,35,63,33,45,Insomnia,Frisk,Cursed Body
354,Banette,Ghost,,64,115,65,83,63,65,Insomnia,Frisk,Cursed Body
354,Banette-Mega,Ghost,,64,165,75,93,83,75,Prankster,,
355,Duskull,Ghost,,20,40,90,30,90,25,Levitate,,
356,Dusclops,Ghost,,40,70,130,60,130,25,Pressure,,
357,Tropius,Grass,Flying,99,68,83,72,87,51,Chlorophyll,Solar Power,Harvest
358,Chimecho,Psychic,,75,50,89,95,90,65,Levitate,,
359,Absol,Dark,,65,130,60,75,60,75,Pressure,Super Luck,Justified
359,Absol-Mega,Dark,,65,150,60,115,60,115,Magic Bounce,,
360,Wynaut,Psychic,,95,23,48,23,48,23,Shadow Tag,,Telepathy
361,Snorunt,Ice,,50,50,50,50,50,50,Inner Focus,Ice Body,Moody
362,Glalie,Ice,,80,80,80,80,80,80,Inner Focus,Ice Body,Moody
362,Glalie-Mega,Ice,,80,120,80,120,80,100,Refrigerate,,
363,Spheal,Ice,Water,70,40,50,55,50,25,Thick Fat,Ice Body,Oblivious
364,Sealeo,Ice,Water,90,60,70,75,70,45,Thick Fat,Ice Body,Oblivious
365,Walrein,Ice,Water,110,80,90,95,90,65,Thick Fat,Ice Body,Oblivious
366,Clamperl,Water,,35,64,85,74,55,32,Shell Armor,,Rattled
367,Huntail,Water,,55,104,105,94,75,52,Swift Swim,,Water Veil
368,Gorebyss,Water,,55,84,105,114,75,52,Swift Swim,,Hydration
369,Relicanth,Water,Rock,100,90,130,45,65,55,Swift Swim,Rock Head,Sturdy
370,Luvdisc,Water,,43,30,55,40,65,97,Swift Swim,,Hydration
371,Bagon,Dragon,,45,75,60,40,30,50,Rock Head,,Sheer Force
372,Shelgon,Dragon,,65,95,100,60,50,50,Rock Head,,Overcoat
373,Salamence,Dragon,Flying,95,135,80,110,80,100,Intimidate,,Moxie
373,Salamence-Mega,Dragon,Flying,95,145,130,120,90,120,Aerilate,,
374,Beldum,Steel,Psychic,40,55,80,35,60,30,Clear Body,,Light Metal
375,Metang,Steel,Psychic,60,75,100,55,80,50,Clear Body,,Light Metal
376,Metagross,Steel,Psychic,80,135,130,95,90,70,Clear Body,,Light Metal
376,Metagross-Mega,Steel,Psychic,80,145,150,105,110,110,Tough Claws,,
377,Regirock,Rock,,80,100,200,50,100,50,Clear Body,,Sturdy
378,Regice,Ice,,80,50,100,100,200,50,Clear Body,,Ice Body
379,Registeel,Steel,,80,75,150,75,150,50,Clear Body,,Light Metal
380,Latias,Dragon,Psychic,80,80,90,110,130,110,Levitate,,
380,Latias-Mega,Dragon,Psychic,80,100,120,140,150,110,Levitate,,
381,Latios,Dragon,Psychic,80,90,80,130,110,110,Levitate,,
381,Latios-Mega,Dragon,Psychic,80,130,100,160,120,110,Levitate,,
382,Kyogre,Water,,100,100,90,150,140,90,Drizzle,,
382,Kyogre-Primal,Water,,100,150,90,180,160,90,Primordial Sea,,
383,Groudon,Ground,,100,150,140,100,90,90,Drought,,
383,Groudon-Primal,Ground,Fire,100,180,160,150,90,90,Desolate Land,,
384,Rayquaza,Dragon,Flying,105,150,90,150,90,95,Air Lock,,
384,Rayquaza-Mega,Dragon,Flying,105,180,100,180,100,115,Delta Stream,,
385,Jirachi,Steel,Psychic,100,100,100,100,100,100,Serene Grace,,
386,Deoxys,Psychic,,50,150,50,150,50,150,Pressure,,
386,Deoxys-Attack,Psychic,,50,180,20,180,20,150,Pressure,,
386,Deoxys-Defense,Psychic,,50,70,160,70,160,90,Pressure,,
386,Deoxys-Speed,Psychic,,50,95,90,95,90,180,Pressure,,
387,Turtwig,Grass,,55,68,64,45,55,31,Overgrow,,Shell Armor
388,Grotle,Grass,,75,89,85,55,65,36,Overgrow,,Shell Armor
389,Torterra,Grass,Ground,95,109,105,75,85,56,Overgrow,,Shell Armor
390,Chimchar,Fire,,44,58,44,58,44,61,Blaze,,Iron Fist
391,Monferno,Fire,Fighting,64,78,52,78,52,81,Blaze,,Iron Fist
392,Infernape,Fire,Fighting,76,104,71,104,71,108,Blaze,,Iron Fist
393,Piplup,Water,,53,51,53,61,56,40,Torrent,,Defiant
394,Prinplup,Water,,64,66,68,81,76,50,Torrent,,Defiant
395,Empoleon,Water,Steel,84,86,88,111,101,60,Torrent,,Defiant
396,Starly,Normal,Flying,40,55,30,30,30,60,Keen Eye,,
397,Staravia,Normal,Flying,55,75,50,40,40,80,Intimidate,,Reckless
398,Staraptor,Normal,Flying,85,120,70,50,60,100,Intimidate,,Reckless
399,Bidoof,Normal,,59,45,40,35,40,31,Simple,Unaware,Moody
400,Bibarel,Normal,Water,79,85,60,60,71,55,Simple,Unaware,Moody
401,Kricketot,Bug,,37,25,41,25,41,25,Shed Skin,,Run Away
402,Kricketune,Bug,,77,85,51,55,51,65,Swarm,,Technician
403,Shinx,Electric,,45,65,34,40,34,45,Rivalry,Intimidate,Guts
404,Luxio,Electric,,60,85,49,60,49,60,Rivalry,Intimidate,Guts
405,Luxray,Electric,,80,120,79,95,79,70,Rivalry,Intimidate,Guts
406,Budew,Grass,Poison,40,30,35,50,70,55,Natural Cure,Poison Point,Leaf Guard
407,Roserade,Grass,Poison,60,70,65,125,105,90,Natural Cure,Poison Point,Technician
408,Cranidos,Rock,,67,125,40,30,30,58,Mold Breaker,,Sheer Force
409,Rampardos,Rock,,97,165,60,65,50,58,Mold Breaker,,Sheer Force
410,Shieldon,Rock,Steel,30,42,118,42,88,30,Sturdy,,Soundproof
411,Bastiodon,Rock,Steel,60,52,168,47,138,30,Sturdy,,Soundproof
412,Burmy-Plant,Bug,,40,29,45,29,45,36,Shed Skin,,Overcoat
412,Burmy-Sandy,Bug,,40,29,45,29,45,36,Shed Skin,,Overcoat
412,Burmy-Trash,Bug,,40,29,45,29,45,36,Shed Skin,,Overcoat
413,Wormadam-Plant,Bug,Grass,60,59,85,79,105,36,Anticipation,,Overcoat
413,Wormadam-Sandy,Bug,Ground,60,79,105,59,85,36,Anticipation,,Overcoat
413,Wormadam-Trash,Bug,Steel,60,69,95,69,95,36,Anticipation,,Overcoat
414,Mothim,Bug,Flying,70,94,50,94,50,66,Swarm,,Tinted Lens
415,Combee,Bug,Flying,30,30,42,30,42,70,Honey Gather,,Hustle
416,Vespiquen,Bug,Flying,70,80,102,80,102,40,Pressure,,Unnerve
417,Pachirisu,Electric,,60,45,70,45,90,95,Run Away,Pickup,Volt Absorb
418,Buizel,Water,,55,65,35,60,30,85,Swift Swim,,Water Veil
419,Floatzel,Water,,85,105,55,85,50,115,Swift Swim,,Water Veil
420,Cherubi,Grass,,45,35,45,62,53,35,Chlorophyll,,
421,Cherrim-Overcast,Grass,,70,60,70,87,78,85,Flower Gift,,
421,Cherrim-Sunshine,Grass,,70,60,70,87,78,85,Flower Gift,,
422,Shellos-East,Water,,76,48,48,57,62,34,Sticky Hold,Storm Drain,Sand Force
422,Shellos-West,Water,,76,48,48,57,62,34,Sticky Hold,Storm Drain,Sand Force
423,Gastrodon,Water,Ground,111,83,68,92,82,39,Sticky Hold,Storm Drain,Sand Force
424,Ambipom,Normal,,75,100,66,60,66,115,Technician,Pickup,Skill Link
425,Drifloon,Ghost,Flying,90,50,34,60,44,70,Aftermath,Unburden,Flare Boost
426,Drifblim,Ghost,Flying,150,80,44,90,54,80,Aftermath,Unburden,Flare Boost
427,Buneary,Normal,,55,66,44,44,56,85,Run Away,Klutz,Limber
428,Lopunny,Normal,,65,76,84,54,96,105,Cute Charm,Klutz,Limber
428,Lopunny-Mega,Normal,Fighting,65,136,94,54,96,135,Scrappy,,
429,Mismagius,Ghost,,60,60,60,105,105,105,Levitate,,
430,Honchkrow,Dark,Flying,100,125,52,105,52,71,Insomnia,Super Luck,Moxie
431,Glameow,Normal,,49,55,42,42,37,85,Limber,Own Tempo,Keen Eye
432,Purugly,Normal,,71,82,64,64,59,112,Thick Fat,Own Tempo,Defiant
433,Chingling,Psychic,,45,30,50,65,50,45,Levitate,,
434,Stunky,Poison,Dark,63,63,47,41,41,74,Stench,Aftermath,Keen Eye
435,Skuntank,Poison,Dark,103,93,67,71,61,84,Stench,Aftermath,Keen Eye
436,Bronzor,Steel,Psychic,57,24,86,24,86,23,Levitate,Heatproof,Heavy Metal
437,Bronzong,Steel,Psychic,67,89,116,79,116,33,Levitate,Heatproof,Heavy Metal
438,Bonsly,Rock,,50,80,95,10,45,10,Sturdy,Rock Head,Rattled
439,Mime Jr.,Psychic,Fairy,20,25,45,70,90,60,Soundproof,Filter,Technician
440,Happiny,Normal,,100,5,5,15,65,30,Natural Cure,Serene Grace,Friend Guard
441,Chatot,Normal,Flying,76,65,45,92,42,91,Keen Eye,Tangled Feet,Big Pecks
442,Spiritomb,Ghost,Dark,50,92,108,92,108,35,Pressure,,Infiltrator
443,Gible,Dragon,Ground,58,70,45,40,45,42,Sand Veil,,Rough Skin
444,Gabite,Dragon,Ground,68,90,65,50,55,82,Sand Veil,,Rough Skin
445,Garchomp,Dragon,Ground,108,130,95,80,85,102,Sand Veil,,Rough Skin
445,Garchomp-Mega,Dragon,Ground,108,170,115,120,95,92,Sand Force,,
446,Munchlax,Normal,,135,85,40,40,85,5,Pickup,Thick Fat,Gluttony
447,Riolu,Fighting,,40,70,40,35,40,60,Steadfast,Inner Focus,Prankster
448,Lucario,Fighting,Steel,70,110,70,115,70,90,Steadfast,Inner Focus,Justified
448,Lucario-Mega,Fighting,Steel,70,145,88,140,70,112,Adaptability,,
449,Hippopotas,Ground,,68,72,78,38,42,32,Sand Stream,,Sand Force
450,Hippowdon,Ground,,108,112,118,68,72,47,Sand Stream,,Sand Force
451,Skorupi,Poison,Bug,40,50,90,30,55,65,Battle Armor,Sniper,Keen Eye
452,Drapion,Poison,Dark,70,90,110,60,75,95,Battle Armor,Sniper,Keen Eye
453,Croagunk,Poison,Fighting,48,61,40,61,40,50,Anticipation,Dry Skin,Poison Touch
454,Toxicroak,Poison,Fighting,83,106,65,86,65,85,Anticipation,Dry Skin,Poison Touch
455,Carnivine,Grass,,74,100,72,90,72,46,Levitate,,
456,Finneon,Water,,49,49,56,49,61,66,Swift Swim,Storm Drain,Water Veil
457,Lumineon,Water,,69,69,76,69,86,91,Swift Swim,Storm Drain,Water Veil
458,Mantyke,Water,Flying,45,20,50,60,120,50,Swift Swim,Water Absorb,
459,Snover,Grass,Ice,60,62,50,62,60,40,Snow Warning,,Soundproof
460,Abomasnow,Grass,Ice,90,92,75,92,85,60,Snow Warning,,Soundproof
460,Abomasnow-Mega,Grass,Ice,90,132,105,132,105,30,Snow Warning,,
461,Weavile,Dark,Ice,70,120,65,45,85,125,Pressure,,Pickpocket
462,Magnezone,Electric,Steel,70,70,115,130,90,60,Magnet Pull,Sturdy,Analytic
463,Lickilicky,Normal,,110,85,95,80,95,50,Own Tempo,Oblivious,Cloud Nine
464,Rhyperior,Ground,Rock,115,140,130,55,55,40,Lightning Rod,Solid Rock,Reckless
465,Tangrowth,Grass,,100,100,125,110,50,50,Chlorophyll,Leaf Guard,Regenerator
466,Electivire,Electric,,75,123,67,95,85,95,Motor Drive,,Vital Spirit
467,Magmortar,Fire,,75,95,67,125,95,83,Flame Body,,Vital Spirit
468,Togekiss,Fairy,Flying,85,50,95,120,115,80,Hustle,Serene Grace,Super Luck
469,Yanmega,Bug,Flying,86,76,86,116,56,95,Speed Boost,Tinted Lens,Frisk
470,Leafeon,Grass,,65,110,130,60,65,95,Leaf Guard,,Chlorophyll
471,Glaceon,Ice,,65,60,110,130,95,65,Snow Cloak,,Ice Body
472,Gliscor,Ground,Flying,75,95,125,45,75,95,Hyper Cutter,Sand Veil,Poison Heal
473,Mamoswine,Ice,Ground,110,130,80,70,60,80,Oblivious,Snow Cloak,Thick Fat
474,Porygon-Z,Normal,,85,80,70,135,75,90,Adaptability,Download,Analytic
475,Gallade,Psychic,Fighting,68,125,65,65,115,80,Steadfast,Sharpness,Justified
475,Gallade-Mega,Psychic,Fighting,68,165,95,65,115,110,Inner Focus,,
476,Probopass,Rock,Steel,60,55,145,75,150,40,Sturdy,Magnet Pull,Sand Force
477,Dusknoir,Ghost,,45,100,135,65,135,45,Pressure,,
478,Froslass,Ice,Ghost,70,80,70,80,70,110,Snow Cloak,,Cursed Body
479,Rotom,Electric,Ghost,50,50,77,95,77,91,Levitate,,
479,Rotom-Heat,Electric,Fire,50,65,107,105,107,86,Levitate,,
479,Rotom-Wash,Electric,Water,50,65,107,105,107,86,Levitate,,
479,Rotom-Frost,Electric,Ice,50,65,107,105,107,86,Levitate,,
479,Rotom-Fan,Electric,Flying,50,65,107,105,107,86,Levitate,,
479,Rotom-Mow,Electric,Grass,50,65,107,105,107,86,Levitate,,
480,Uxie,Psychic,,75,75,130,75,130,95,Levitate,,
481,Mesprit,Psychic,,80,105,105,105,105,80,Levitate,,
482,Azelf,Psychic,,75,125,70,125,70,115,Levitate,,
483,Dialga,Steel,Dragon,100,120,120,150,100,90,Pressure,,Telepathy
483,Dialga-Origin,Steel,Dragon,100,100,120,150,120,90,Pressure,,Telepathy
484,Palkia,Water,Dragon,90,120,100,150,120,100,Pressure,,Telepathy
484,Palkia-Origin,Water,Dragon,90,100,100,150,120,120,Pressure,,Telepathy
485,Heatran,Fire,Steel,91,90,106,130,106,77,Flash Fire,,Flame Body
486,Regigigas,Normal,,110,160,110,80,110,100,Slow Start,,
487,Giratina,Ghost,Dragon,150,100,120,100,120,90,Pressure,,Telepathy
487,Giratina-Origin,Ghost,Dragon,150,120,100,120,100,90,Levitate,,
488,Cresselia,Psychic,,120,70,110,75,120,85,Levitate,,
489,Phione,Water,,80,80,80,80,80,80,Hydration,,
490,Manaphy,Water,,100,100,100,100,100,100,Hydration,,
491,Darkrai,Dark,,70,90,90,135,90,125,Bad Dreams,,
492,Shaymin-Land,Grass,,100,100,100,100,100,100,Natural Cure,,
492,Shaymin-Sky,Grass,Flying,100,103,75,120,75,127,Serene Grace,,
493,Arceus,Normal,,120,120,120,120,120,120,Multitype,,
493,Arceus-Fire,Fire,,120,120,120,120,120,120,Multitype,,
493,Arceus-Water,Water,,120,120,120,120,120,120,Multitype,,
493,Arceus-Electric,Electric,,120,120,120,120,120,120,Multitype,,
493,Arceus-Grass,Grass,,120,120,120,120,120,120,Multitype,,
493,Arceus-Ice,Ice,,120,120,120,120,120,120,Multitype,,
493,Arceus-Fighting,Fighting,,120,120,120,120,120,120,Multitype,,
493,Arceus-Poison,Poison,,120,120,120,120,120,120,Multitype,,
493,Arceus-Ground,Ground,,120,120,120,120,120,120,Multitype,,
493,Arceus-Flying,Flying,,120,120,120,120,120,120,Multitype,,
493,Arceus-Psychic,Psychic,,120,120,120,120,120,120,Multitype,,
493,Arceus-Bug,Bug,,120,120,120,120,120,120,Multitype,,
493,Arceus-Rock,Rock,,120,120,120,120,120,120,Multitype,,
493,Arceus-Ghost,Ghost,,120,120,120,120,120,120,Multitype,,
493,Arceus-Dragon,Dragon,,120,120,120,120,120,120,Multitype,,
493,Arceus-Dark,Dark,,120,120,120,120,120,120,Multitype,,
493,Arceus-Steel,Steel,,120,120,120,120,120,120,Multitype,,
493,Arceus-Fairy,Fairy,,120,120,120,120,120,120,Multitype,,
494,Victini,Psychic,Fire,100,100,100,100,100,100,Victory Star,,
495,Snivy,Grass,,45,45,55,45,55,63,Overgrow,,Contrary
496,Servine,Grass,,60,60,75,60,75,83,Overgrow,,Contrary
497,Serperior,Grass,,75,75,95,75,95,113,Overgrow,,Contrary
498,Tepig,Fire,,65,63,45,45,45,45,Blaze,,Thick Fat
499,Pignite,Fire,Fighting,90,93,55,70,55,55,Blaze,,Thick Fat
500,Emboar,Fire,Fighting,110,123,65,100,65,65,Blaze,,Reckless
501,Oshawott,Water,,55,55,45,63,45,45,Torrent,,Shell Armor
502,Dewott,Water,,75,75,60,83,60,60,Torrent,,Shell Armor
503,Samurott,Water,,95,100,85,108,70,70,Torrent,,Shell Armor
503,Samurott-Hisui,Water,Dark,90,108,80,100,65,85,Torrent,,Sharpness
504,Patrat,Normal,,45,55,39,35,39,42,Run Away,Keen Eye,Analytic
505,Watchog,Normal,,60,85,69,60,69,77,Illuminate,Keen Eye,Analytic
506,Lillipup,Normal,,45,60,45,25,45,55,Vital Spirit,Pickup,Run Away
507,Herdier,Normal,,65,80,65,35,65,60,Intimidate,Sand Rush,Scrappy
508,Stoutland,Normal,,85,110,90,45,90,80,Intimidate,Sand Rush,Scrappy
509,Purrloin,Dark,,41,50,37,50,37,66,Limber,Unburden,Prankster
510,Liepard,Dark,,64,88,50,88,50,106,Limber,Unburden,Prankster
511,Pansage,Grass,,50,53,48,53,48,64,Gluttony,,Overgrow
512,Simisage,Grass,,75,98,63,98,63,101,Gluttony,,Overgrow
513,Pansear,Fire,,50,53,48,53,48,64,Gluttony,,Blaze
514,Simisear,Fire,,75,98,63,98,63,101,Gluttony,,Blaze
515,Panpour,Water,,50,53,48,53,48,64,Gluttony,,Torrent
516,Simipour,Water,,75,98,63,98,63,101,Gluttony,,Torrent
517,Munna,Psychic,,76,25,45,67,55,24,Forewarn,Synchronize,Telepathy
518,Musharna,Psychic,,116,55,85,107,95,29,Forewarn,Synchronize,Telepathy
519,Pidove,Normal,Flying,50,55,50,36,30,43,Big Pecks,Super Luck,Rivalry
520,Tranquill,Normal,Flying,62,77,62,50,42,65,Big Pecks,Super Luck,Rivalry
521,Unfezant,Normal,Flying,80,115,80,65,55,93,Big Pecks,Super Luck,Rivalry
522,Blitzle,Electric,,45,60,32,50,32,76,Lightning Rod,Motor Drive,Sap Sipper
523,Zebstrika,Electric,,75,100,63,80,63,116,Lightning Rod,Motor Drive,Sap Sipper
524,Roggenrola,Rock,,55,75,85,25,25,15,Sturdy,Weak Armor,Sand Force
525,Boldore,Rock,,70,105,105,50,40,20,Sturdy,Weak Armor,Sand Force
526,Gigalith,Rock,,85,135,130,60,80,25,Sturdy,Sand Stream,Sand Force
527,Woobat,Psychic,Flying,65,45,43,55,43,72,Unaware,Klutz,Simple
528,Swoobat,Psychic,Flying,67,57,55,77,55,114,Unaware,Klutz,Simple
529,Drilbur,Ground,,60,85,40,30,45,68,Sand Rush,Sand Force,Mold Breaker
530,Excadrill,Ground,Steel,110,135,60,50,65,88,Sand Rush,Sand Force,Mold Breaker
531,Audino,Normal,,103,60,86,60,86,50,Healer,Regenerator,Klutz
531,Audino-Mega,Normal,Fairy,103,60,126,80,126,50,Healer,,
532,Timburr,Fighting,,75,80,55,25,35,35,Guts,Sheer Force,Iron Fist
533,Gurdurr,Fighting,,85,105,85,40,50,40,Guts,Sheer Force,Iron Fist
534,Conkeldurr,Fighting,,105,140,95,55,65,45,Guts,Sheer Force,Iron Fist
535,Tympole,Water,,50,50,40,50,40,64,Swift Swim,Hydration,Water Absorb
536,Palpitoad,Water,Ground,75,65,55,65,55,69,Swift Swim,Hydration,Water Absorb
537,Seismitoad,Water,Ground,105,95,75,85,75,74,Swift Swim,Poison Touch,Water Absorb
538,Throh,Fighting,,120,100,85,30,85,45,Guts,Inner Focus,Mold Breaker
539,Sawk,Fighting,,75,125,75,30,75,85,Sturdy,Inner Focus,Mold Breaker
540,Sewaddle,Bug,Grass,45,53,70,40,60,42,Swarm,Chlorophyll,Overcoat
541,Swadloon,Bug,Grass,55,63,90,50,80,42,Leaf Guard,Chlorophyll,Overcoat
542,Leavanny,Bug,Grass,75,103,80,70,80,92,Swarm,Chlorophyll,Overcoat
543,Venipede,Bug,Poison,30,45,59,30,39,57,Poison Point,Swarm,Quick Feet
544,Whirlipede,Bug,Poison,40,55,99,40,79,47,Poison Point,Swarm,Quick Feet
545,Scolipede,Bug,Poison,60,100,89,55,69,112,Poison Point,Swarm,Quick Feet
546,Cottonee,Grass,Fairy,40,27,60,37,50,66,Prankster,Infiltrator,Chlorophyll
547,Whimsicott,Grass,Fairy,60,67,85,77,75,116,Prankster,Infiltrator,Chlorophyll
548,Petilil,Grass,,45,35,50,70,50,30,Chlorophyll,Own Tempo,Leaf Guard
549,Lilligant,Grass,,70,60,75,110,75,90,Chlorophyll,Own Tempo,Leaf Guard
549,Lilligant-Hisui,Grass,Fighting,70,105,75,50,75,105,Chlorophyll,Hustle,Leaf Guard
550,Basculin-Red-Striped,Water,,70,92,65,80,55,98,Reckless,Adaptability,Mold Breaker
550,Basculin-Blue-Striped,Water,,70,92,65,80,55,98,Rock Head,Adaptability,Mold Breaker
550,Basculin-White-Striped,Water,,70,92,65,80,55,98,Rattled,Adaptability,Mold Breaker
551,Sandile,Ground,Dark,50,72,35,35,35,65,Intimidate,Moxie,Anger Point
552,Krokorok,Ground,Dark,60,82,45,45,45,74,Intimidate,Moxie,Anger Point
553,Krookodile,Ground,Dark,95,117,80,65,70,92,Intimidate,Moxie,Anger Point
554,Darumaka,Fire,,70,90,45,15,45,50,Hustle,,Inner Focus
554,Darumaka-Galar,Ice,,70,90,45,15,45,50,Hustle,,Inner Focus
555,Darmanitan,Fire,,105,140,55,30,55,95,Sheer Force,,Zen Mode
555,Darmanitan-Zen,Fire,Psychic,105,30,105,140,105,55,,,Zen Mode
555,Darmanitan-Galar,Ice,,105,140,55,30,55,95,Gorilla Tactics,,Zen Mode
555,Darmanitan-Galar-Zen,Ice,Fire,105,160,55,30,55,135,Gorilla Tactics,,Zen Mode
556,Maractus,Grass,,75,86,67,106,67,60,Water Absorb,Chlorophyll,Storm Drain
557,Dwebble,Bug,Rock,50,65,85,35,35,55,Sturdy,Shell Armor,Weak Armor
558,Crustle,Bug,Rock,70,105,125,65,75,45,Sturdy,Shell Armor,Weak Armor
559,Scraggy,Dark,Fighting,50,75,70,35,70,48,Shed Skin,Moxie,Intimidate
560,Scrafty,Dark,Fighting,65,90,115,45,115,58,Shed Skin,Moxie,Intimidate
561,Sigilyph,Psychic,Flying,72,58,80,103,80,97,Wonder Skin,Magic Guard,Tinted Lens
562,Yamask,Ghost,,38,30,85,55,65,30,Mummy,,
562,Yamask-Galar,Ground,Ghost,38,55,85,30,65,30,Wandering Spirit,,
563,Cofagrigus,Ghost,,58,50,145,95,105,30,Mummy,,
564,Tirtouga,Water,Rock,54,78,103,53,45,22,Solid Rock,Sturdy,Swift Swim
565,Carracosta,Water,Rock,74,108,133,83,65,32,Solid Rock,Sturdy,Swift Swim
566,Archen,Rock,Flying,55,112,45,74,45,70,Defeatist,,
567,Archeops,Rock,Flying,75,140,65,112,65,110,Defeatist,,
568,Trubbish,Poison,,50,50,62,40,62,65,Stench,Sticky Hold,Aftermath
569,Garbodor,Poison,,80,95,92,60,82,75,Stench,Weak Armor,Aftermath
570,Zorua,Dark,,40,65,40,80,40,65,Illusion,,
570,Zorua-Hisui,Normal,Ghost,35,60,40,85,40,70,Illusion,,
571,Zoroark,Dark,,60,105,60,120,60,105,Illusion,,
571,Zoroark-Hisui,Normal,Ghost,55,100,60,125,60,110,Illusion,,
572,Minccino,Normal,,55,50,40,40,40,75,Cute Charm,Technician,Skill Link
573,Cinccino,Normal,,75,95,60,65,60,115,Cute Charm,Technician,Skill Link
574,Gothita,Psychic,,45,30,50,55,65,45,Frisk,Competitive,Shadow Tag
575,Gothorita,Psychic,,60,45,70,75,85,55,Frisk,Competitive,Shadow Tag
576,Gothitelle,Psychic,,70,55,95,95,110,65,Frisk,Competitive,Shadow Tag
577,Solosis,Psychic,,45,30,40,105,50,20,Overcoat,Magic Guard,Regenerator
578,Duosion,Psychic,,65,40,50,125,60,30,Overcoat,Magic Guard,Regenerator
579,Reuniclus,Psychic,,110,65,75,125,85,30,Overcoat,Magic Guard,Regenerator
580,Ducklett,Water,Flying,62,44,50,44,50,55,Keen Eye,Big Pecks,Hydration
581,Swanna,Water,Flying,75,87,63,87,63,98,Keen Eye,Big Pecks,Hydration
582,Vanillite,Ice,,36,50,50,65,60,44,Ice Body,Snow Cloak,Weak Armor
583,Vanillish,Ice,,51,65,65,80,75,59,Ice Body,Snow Cloak,Weak Armor
584,Vanilluxe,Ice,,71,95,85,110,95,79,Ice Body,Snow Warning,Weak Armor
585,Deerling,Normal,Grass,60,60,50,40,50,75,Chlorophyll,Sap Sipper,Serene Grace
586,Sawsbuck,Normal,Grass,80,100,70,60,70,95,Chlorophyll,Sap Sipper,Serene Grace
587,Emolga,Electric,Flying,55,75,60,75,60,103,Static,,Motor Drive
588,Karrablast,Bug,,50,75,45,40,45,60,Swarm,Shed Skin,No Guard
589,Escavalier,Bug,Steel,70,135,105,60,105,20,Swarm,Shell Armor,Overcoat
590,Foongus,Grass,Poison,69,55,45,55,55,15,Effect Spore,,Regenerator
591,Amoonguss,Grass,Poison,114,85,70,85,80,30,Effect Spore,,Regenerator
592,Frillish,Water,Ghost,55,40,50,65,85,40,Water Absorb,Cursed Body,
593,Jellicent,Water,Ghost,100,60,70,85,105,60,Water Absorb,Cursed Body,Damp
594,Alomomola,Water,,165,75,80,40,45,65,Healer,Hydration,Regenerator
595,Joltik,Bug,Electric,50,47,50,57,50,65,Compoundeyes,Unnerve,Swarm
596,Galvantula,Bug,Electric,70,77,60,97,60,108,Compoundeyes,Unnerve,Swarm
597,Ferroseed,Grass,Steel,44,50,91,24,86,10,Iron Barbs,,
598,Ferrothorn,Grass,Steel,74,94,131,54,116,20,Iron Barbs,,
599,Klink,Steel,,40,55,70,45,60,30,Plus,Minus,Clear Body
600,Klang,Steel,,60,80,95,70,85,50,Plus,Minus,Clear Body
601,Klinklang,Steel,,60,100,115,70,85,90,Plus,Minus,Clear Body
602,Tynamo,Electric,,35,55,40,45,40,60,Levitate,,
603,Eelektrik,Electric,,65,85,70,75,70,40,Levitate,,
604,Eelektross,Electric,,85,115,80,105,80,50,Levitate,,
605,Elgyem,Psychic,,55,55,55,85,55,30,Telepathy,Synchronize,Analytic
606,Beheeyem,Psychic,,75,75,75,125,95,40,Telepathy,Synchronize,Analytic
607,Litwick,Ghost,Fire,50,30,55,65,55,20,Flash Fire,Flame Body,Shadow Tag
608,Lampent,Ghost,Fire,60,40,60,95,60,55,Flash Fire,Flame Body,Shadow Tag
609,Chandelure,Ghost,Fire,60,55,90,145,90,80,Flash Fire,Flame Body,Shadow Tag
610,Axew,Dragon,,46,87,60,30,40,57,Rivalry,Mold Breaker,Unnerve
611,Fraxure,Dragon,,66,117,70,40,50,67,Rivalry,Mold Breaker,Unnerve
612,Haxorus,Dragon,,76,147,90,60,70,97,Rivalry,Mold Breaker,Unnerve
613,Cubchoo,Ice,,55,70,40,60,40,40,Snow Cloak,Slush Rush,Rattled
614,Beartic,Ice,,95,130,80,70,80,50,Snow Cloak,Slush Rush,Swift Swim
615,Cryogonal,Ice,,80,50,50,95,135,105,Levitate,,
616,Shelmet,Bug,,50,40,85,40,65,25,Hydration,Shell Armor,Overcoat
617,Accelgor,Bug,,80,70,40,100,60,145,Hydration,Sticky Hold,Unburden
618,Stunfisk,Ground,Electric,109,66,84,81,99,32,Static,Limber,Sand Veil
618,Stunfisk-Galar,Ground,Steel,109,81,99,66,84,32,Mimicry,,
619,Mienfoo,Fighting,,45,85,50,55,50,65,Inner Focus,Regenerator,Reckless
620,Mienshao,Fighting,,65,125,60,95,60,105,Inner Focus,Regenerator,Reckless
621,Druddigon,Dragon,,77,120,90,60,90,48,Rough Skin,Sheer Force,Mold Breaker
622,Golett,Ground,Ghost,59,74,50,35,50,35,Iron Fist,Klutz,No Guard
623,Golurk,Ground,Ghost,89,124,80,55,80,55,Iron Fist,Klutz,No Guard
624,Pawniard,Dark,Steel,45,85,70,40,40,60,Defiant,Inner Focus,Pressure
625,Bisharp,Dark,Steel,65,125,100,60,70,70,Defiant,Inner Focus,Pressure
626,Bouffalant,Normal,,95,110,95,40,95,55,Reckless,Sap Sipper,Soundproof
627,Rufflet,Normal,Flying,70,83,50,37,50,60,Keen Eye,Sheer Force,Hustle
628,Braviary,Normal,Flying,100,123,75,57,75,80,Keen Eye,Sheer Force,Defiant
628,Braviary-Hisui,Psychic,Flying,110,83,70,112,70,65,Keen Eye,Sheer Force,Tinted Lens
629,Vullaby,Dark,Flying,70,55,75,45,65,60,Big Pecks,Overcoat,Weak Armor
630,Mandibuzz,Dark,Flying,110,65,105,55,95,80,Big Pecks,Overcoat,Weak Armor
631,Heatmor,Fire,,85,97,66,105,66,65,Gluttony,Flash Fire,White Smoke
632,Durant,Bug,Steel,58,109,112,48,48,109,Swarm,Hustle,Truant
633,Deino,Dark,Dragon,52,65,50,45,50,38,Hustle,,
634,Zweilous,Dark,Dragon,72,85,70,65,70,58,Hustle,,
635,Hydreigon,Dark,Dragon,92,105,90,125,90,98,Levitate,,
636,Larvesta,Bug,Fire,55,85,55,50,55,60,Flame Body,,Swarm
637,Volcarona,Bug,Fire,85,60,65,135,105,100,Flame Body,,Swarm
638,Cobalion,Steel,Fighting,91,90,129,90,72,108,Justified,,
639,Terrakion,Rock,Fighting,91,129,90,72,90,108,Justified,,
640,Virizion,Grass,Fighting,91,90,72,90,129,108,Justified,,
641,Tornadus,Flying,,79,115,70,125,80,111,Prankster,,Defiant
641,Tornadus-Therian,Flying,,79,100,80,110,90,121,Regenerator,,
642,Thundurus,Electric,Flying,79,115,70,125,80,111,Prankster,,Defiant
642,Thundurus-Therian,Electric,Flying,79,105,70,145,80,101,Volt Absorb,,
643,Reshiram,Dragon,Fire,100,120,100,150,120,90,Turboblaze,,
644,Zekrom,Dragon,Electric,100,150,120,120,100,90,Teravolt,,
645,Landorus,Ground,Flying,89,125,90,115,80,101,Sand Force,,Sheer Force
645,Landorus-Therian,Ground,Flying,89,145,90,105,80,91,Intimidate,,
646,Kyurem,Dragon,Ice,125,130,90,130,90,95,Pressure,,
646,Kyurem-Black,Dragon,Ice,125,170,100,120,90,95,Teravolt,,
646,Kyurem-White,Dragon,Ice,125,120,90,170,100,95,Turboblaze,,
647,Keldeo,Water,Fighting,91,72,90,129,90,108,Justified,,
648,Meloetta,Normal,Psychic,100,77,77,128,128,90,Serene Grace,,
648,Meloetta-Pirouette,Normal,Fighting,100,128,90,77,77,128,Serene Grace,,
649,Genesect,Bug,Steel,71,120,95,120,95,99,Download,,
650,Chespin,Grass,,56,61,65,48,45,38,Overgrow,,Bulletproof
651,Quilladin,Grass,,61,78,95,56,58,57,Overgrow,,Bulletproof
652,Chesnaught,Grass,Fighting,88,107,122,74,75,64,Overgrow,,Bulletproof
653,Fennekin,Fire,,40,45,40,62,60,60,Blaze,,Magician
654,Braixen,Fire,,59,59,58,90,70,73,Blaze,,Magician
655,Delphox,Fire,Psychic,75,69,72,114,100,104,Blaze,,Magician
656,Froakie,Water,,41,56,40,62,44,71,Torrent,,Protean
657,Frogadier,Water,,54,63,52,83,56,97,Torrent,,Protean
658,Greninja,Water,Dark,72,95,67,103,71,122,Torrent,,Protean
658,Ash-Greninja,Water,Dark,72,145,67,153,71,132,Battle Bond,,
659,Bunnelby,Normal,,38,36,38,32,36,57,Pickup,Cheek Pouch,Huge Power
660,Diggersby,Normal,Ground,85,56,77,50,77,78,Pickup,Cheek Pouch,Huge Power
661,Fletchling,Normal,Flying,45,50,43,40,38,62,Big Pecks,,Gale Wings
662,Fletchinder,Fire,Flying,62,73,55,56,52,84,Flame Body,,Gale Wings
663,Talonflame,Fire,Flying,78,81,71,74,69,126,Flame Body,,Gale Wings
664,Scatterbug,Bug,,38,35,40,27,25,35,Shield Dust,Compound Eyes,Friend Guard
665,Spewpa,Bug,,45,22,60,27,30,29,Shed Skin,,Friend Guard
666,Vivillon,Bug,Flying,80,52,50,90,50,89,Shield Dust,Compound Eyes,Friend Guard
666,Vivillon-Fancy,Bug,Flying,80,52,50,90,50,89,Shield Dust,Compound Eyes,Friend Guard
666,Vivillon-Pokeball,Bug,Flying,80,52,50,90,50,89,Shield Dust,Compound Eyes,Friend Guard
667,Litleo,Fire,Normal,62,50,58,73,54,72,Rivalry,Unnerve,Moxie
668,Pyroar,Fire,Normal,86,68,72,109,66,106,Rivalry,Unnerve,Moxie
669,Flabb,Fairy,,44,38,39,61,79,42,Flower Veil,,Symbiosis
670,Floette,Fairy,,54,45,47,75,98,52,Flower Veil,,Symbiosis
671,Florges,Fairy,,78,65,68,112,154,75,Flower Veil,,Symbiosis
672,Skiddo,Grass,,66,65,48,62,57,52,Sap Sipper,,Grass Pelt
673,Gogoat,Grass,,123,100,62,97,81,68,Sap Sipper,,Grass Pelt
674,Pancham,Fighting,,67,82,62,46,48,43,Iron Fist,Mold Breaker,Scrappy
675,Pangoro,Fighting,Dark,95,124,78,69,71,58,Iron Fist,Mold Breaker,Scrappy
676,Furfrou,Normal,,75,80,60,65,90,102,Fur Coat,,
677,Espurr,Psychic,,62,48,54,63,60,68,Keen Eye,Infiltrator,Own Tempo
678,Meowstic-F,Psychic,,74,48,76,83,81,104,Keen Eye,Infiltrator,Competitive
678,Meowstic,Psychic,,74,48,76,83,81,104,Keen Eye,Infiltrator,Prankster
679,Honedge,Steel,Ghost,45,80,100,35,37,28,No Guard,,
680,Doublade,Steel,Ghost,59,110,150,45,49,35,No Guard,,
681,Aegislash-Shield,Steel,Ghost,60,50,140,50,140,60,Stance Change,,
681,Aegislash-Blade,Steel,Ghost,60,140,50,140,50,60,Stance Change,,
682,Spritzee,Fairy,,78,52,60,63,65,23,Healer,,Aroma Veil
683,Aromatisse,Fairy,,101,72,72,99,89,29,Healer,,Aroma Veil
684,Swirlix,Fairy,,62,48,66,59,57,49,Sweet Veil,,Unburden
685,Slurpuff,Fairy,,82,80,86,85,75,72,Sweet Veil,,Unburden
686,Inkay,Dark,Psychic,53,54,53,37,46,45,Suction Cups,Contrary,Infiltrator
687,Malamar,Dark,Psychic,86,92,88,68,75,73,Suction Cups,Contrary,Infiltrator
688,Binacle,Rock,Water,42,52,67,39,56,50,Sniper,Tough Claws,Pickpocket
689,Barbaracle,Rock,Water,72,105,115,54,86,68,Sniper,Tough Claws,Pickpocket
690,Skrelp,Poison,Water,50,60,60,60,60,30,Poison Point,Poison Touch,Adaptability
691,Dragalge,Poison,Dragon,65,75,90,97,123,44,Poison Point,Poison Touch,Adaptability
692,Clauncher,Water,,50,53,62,58,63,44,Mega Launcher,,
693,Clawitzer,Water,,71,73,88,120,89,59,Mega Launcher,,
694,Helioptile,Electric,Normal,44,38,33,61,43,70,Dry Skin,Sand Veil,Solar Power
695,Heliolisk,Electric,Normal,62,55,52,109,94,109,Dry Skin,Sand Veil,Solar Power
696,Tyrunt,Rock,Dragon,58,89,77,45,45,48,Strong Jaw,,Sturdy
697,Tyrantrum,Rock,Dragon,82,121,119,69,59,71,Strong Jaw,,Rock Head
698,Amaura,Rock,Ice,77,59,50,67,63,46,Refrigerate,,Snow Warning
699,Aurorus,Rock,Ice,123,77,72,99,92,58,Refrigerate,,Snow Warning
700,Sylveon,Fairy,,95,65,65,110,130,60,Cute Charm,,Pixilate
701,Hawlucha,Fighting,Flying,78,92,75,74,63,118,Unburden,Limber,Mold Breaker
702,Dedenne,Electric,Fairy,67,58,57,81,67,101,Cheek Pouch,Pickup,Plus
703,Carbink,Rock,Fairy,50,50,150,50,150,50,Clear Body,,Sturdy
704,Goomy,Dragon,,45,50,35,55,75,40,Sap Sipper,Hydration,Gooey
705,Sliggoo,Dragon,,68,75,53,83,113,60,Sap Sipper,Hydration,Gooey
705,Sliggoo-Hisui,Steel,Dragon,58,75,83,83,113,40,Sap Sipper,Shell Armor,Gooey
706,Goodra,Dragon,,90,100,70,110,150,80,Sap Sipper,Hydration,Gooey
706,Goodra-Hisui,Steel,Dragon,80,100,100,110,150,60,Sap Sipper,Shell Armor,Gooey
707,Klefki,Steel,Fairy,57,80,91,80,87,75,Prankster,,Magician
708,Phantump,Ghost,Grass,43,70,48,50,60,38,Natural Cure,Frisk,Harvest
709,Trevenant,Ghost,Grass,85,110,76,65,82,56,Natural Cure,Frisk,Harvest
710,Pumpkaboo-Small,Ghost,Grass,44,66,70,44,55,56,Pickup,Frisk,Insomnia
710,Pumpkaboo-Average,Ghost,Grass,49,66,70,44,55,51,Pickup,Frisk,Insomnia
710,Pumpkaboo-Large,Ghost,Grass,54,66,70,44,55,46,Pickup,Frisk,Insomnia
710,Pumpkaboo-Super-Size,Ghost,Grass,59,66,70,44,55,41,Pickup,Frisk,Insomnia
711,Gourgeist-Small,Ghost,Grass,55,85,122,58,75,99,Pickup,Frisk,Insomnia
711,Gourgeist-Average,Ghost,Grass,65,90,122,58,75,84,Pickup,Frisk,Insomnia
711,Gourgeist-Large,Ghost,Grass,75,95,122,58,75,69,Pickup,Frisk,Insomnia
711,Gourgeist-Super Size,Ghost,Grass,85,100,122,58,75,54,Pickup,Frisk,Insomnia
712,Bergmite,Ice,,55,69,85,32,35,28,Own Tempo,Ice Body,Sturdy
713,Avalugg,Ice,,95,117,184,44,46,28,Own Tempo,Ice Body,Sturdy
713,Avalugg-Hisui,Ice,Rock,95,127,184,34,36,38,Strong Jaw,Ice Body,Sturdy
714,Noibat,Flying,Dragon,40,30,35,45,40,55,Frisk,Infiltrator,Telepathy
715,Noivern,Flying,Dragon,85,70,80,97,80,123,Frisk,Infiltrator,Telepathy
716,Xerneas,Fairy,,126,131,95,131,98,99,Fairy Aura,,
717,Yveltal,Dark,Flying,126,131,95,131,98,99,Dark Aura,,
718,Zygarde-10%,Dragon,Ground,54,100,71,61,85,115,Aura Break,Power Construct,
718,Zygarde-50%,Dragon,Ground,108,100,121,81,95,95,Aura Break,Power Construct,
718,Zygarde-Complete,Dragon,Ground,216,100,121,81,95,95,Power Construct,,
719,Diancie,Rock,Fairy,50,100,150,100,150,50,Clear Body,,
719,Diancie-Mega,Rock,Fairy,50,160,110,160,110,110,Magic Bounce,,
720,Hoopa,Psychic,Ghost,80,110,60,150,130,70,Magician,,
720,Hoopa-Unbound,Psychic,Dark,80,160,60,170,130,80,Magician,,
721,Volcanion,Fire,Water,80,110,120,130,90,70,Water Absorb,,
722,Rowlet,Grass,Flying,68,55,55,50,50,42,Overgrow ,,Long Reach
723,Dartrix,Grass,Flying,78,75,75,70,70,52,Overgrow ,,Long Reach
724,Decidueye,Grass,Ghost,78,107,75,100,100,70,Overgrow ,,Long Reach
724,Decidueye-Hisui,Grass,Fighting,88,112,80,95,95,60,Overgrow,,Scrappy
725,Litten,Fire,,45,65,40,60,40,70,Blaze,,Intimidate
726,Torracat,Fire,,65,85,50,80,50,90,Blaze,,Intimidate
727,Incineroar,Fire,Dark,95,115,90,80,90,60,Blaze,,Intimidate
728,Popplio,Water,,50,54,54,66,56,40,Torrent,,Liquid Voice
729,Brionne,Water,,60,69,69,91,81,50,Torrent,,Liquid Voice
730,Primarina,Water,Fairy,80,74,74,126,116,60,Torrent,,Liquid Voice
731,Pikipek,Normal,Flying,35,75,30,30,30,65,Keen Eye,Skill Link ,Pickup
732,Trumbeak,Normal,Flying,55,85,50,40,50,75,Keen Eye,Skill Link ,Pickup
733,Toucannon,Normal,Flying,80,120,75,75,75,60,Keen Eye,Skill Link ,Sheer Force
734,Yungoos,Normal,,48,70,30,30,30,45,Stakeout,Strong Jaw ,Adaptability
735,Gumshoos,Normal,,88,110,60,55,60,45,Stakeout,Strong Jaw ,Adaptability
736,Grubbin,Bug,,47,62,45,55,45,46,Swarm,,
737,Charjabug,Bug,Electric,57,82,95,55,75,36,Battery,,
738,Vikavolt,Bug,Electric,77,70,90,145,75,43,Levitate,,
739,Crabrawler,Fighting,,47,82,57,42,47,63,Hyper Cutter ,Iron Fist ,Anger Point
740,Crabominable,Fighting,Ice,97,132,77,62,67,43,Hyper Cutter ,Iron Fist ,Anger Point
741,Oricorio,Fire,Flying,75,70,70,98,70,93,Dancer,,
741,Oricorio-Pa'u,Psychic,Flying,75,70,70,98,70,93,Dancer,,
741,Oricorio-Pom-Pom,Electric,Flying,75,70,70,98,70,93,Dancer,,
741,Oricorio-Sensu,Ghost,Flying,75,70,70,98,70,93,Dancer,,
742,Cutiefly,Bug,Fairy,40,45,40,55,40,84,Honey Gather ,Shield Dust ,Sweet Veil
743,Ribombee,Bug,Fairy,60,55,60,95,70,124,Honey Gather ,Shield Dust ,Sweet Veil
744,Rockruff,Rock,,45,65,40,30,40,60,Keen Eye ,Vital Spirit ,Steadfast
744,Rockruff-Own Tempo,Rock,,45,65,40,30,40,60,Keen Eye ,Vital Spirit ,Own Tempo
745,Lycanroc,Rock,,75,115,65,55,65,112,Keen Eye ,Sand Rush ,Steadfast
745,Lycanroc-Midnight,Rock,,85,115,75,55,75,82,Keen Eye ,Vital Spirit ,No Guard
745,Lycanroc-Dusk,Rock,,75,117,65,55,65,110,Tough Claws,,
746,Wishiwashi-Solo,Water,,45,20,20,25,25,40,Schooling,,
746,Wishiwashi-School,Water,,45,140,130,140,135,30,Schooling,,
747,Mareanie,Poison,Water,50,53,62,43,52,45,Merciless ,Limber ,Regenerator
748,Toxapex,Poison,Water,50,63,152,53,142,35,Merciless ,Limber ,Regenerator
749,Mudbray,Ground,,70,100,70,45,55,45,Own Tempo,Stamina ,Inner Focus
750,Mudsdale,Ground,,100,125,100,55,85,35,Own Tempo,Stamina ,Inner Focus
751,Dewpider,Water,Bug,38,40,52,40,72,27,Water Bubble ,,Water Absorb
752,Araquanid,Water,Bug,68,70,92,50,132,42,Water Bubble ,,Water Absorb
753,Fomantis,Grass,,40,55,35,50,35,35,Leaf Guard ,,Contrary
754,Lurantis,Grass,,70,105,90,80,90,45,Leaf Guard ,,Contrary
755,Morelull,Grass,Fairy,40,35,55,65,75,15,Illuminate ,Effect Spore,Rain Dish
756,Shiinotic,Grass,Fairy,60,45,80,90,100,30,Illuminate ,Effect Spore,Rain Dish
757,Salandit,Poison,Fire,48,44,40,71,40,77,Corrosion ,,Oblivious
758,Salazzle,Poison,Fire,68,64,60,111,60,117,Corrosion ,,Oblivious
759,Stufful,Normal,Fighting,70,75,50,45,50,50,Fluffy ,Klutz ,Cute Charm
760,Bewear,Normal,Fighting,120,125,80,55,60,60,Fluffy ,Klutz ,Unnerve
761,Bounsweet,Grass,,42,30,38,30,38,32,Leaf Guard ,Oblivious ,Sweet Veil
762,Steenee,Grass,,52,40,48,40,48,62,Leaf Guard ,Oblivious ,Sweet Veil
763,Tsareena,Grass,,72,120,98,50,98,72,Leaf Guard ,Queenly Majesty ,Sweet Veil
764,Comfey,Fairy,,51,52,90,82,110,100,Flower Veil ,Triage ,Natural Cure
765,Oranguru,Normal,Psychic,90,60,80,90,110,60,Inner Focus ,Telepathy ,Symbiosis
766,Passimian,Fighting,,100,120,90,40,60,80,Receiver ,,Defiant
767,Wimpod,Bug,Water,25,35,40,20,30,80,Wimp Out,,
768,Golisopod,Bug,Water,75,125,140,60,90,40,Emergency Exit,,
769,Sandygast,Ghost,Ground,55,55,80,70,45,15,Water Compaction ,,Sand Veil
770,Palossand,Ghost,Ground,85,75,110,100,75,35,Water Compaction ,,Sand Veil
771,Pyukumuku,Water,,55,60,130,30,130,5,Innards Out,Unaware,Unaware
772,Type: Null,Normal,,95,95,95,95,95,59,Battle Armor,,
773,Silvally,Normal,,95,95,95,95,95,95,RKS System,,
774,Minior-Meteor,Rock,Flying,60,60,100,60,100,60,Shields Down,,
774,Minior-Red Core,Rock,Flying,60,100,60,100,60,120,Shields Down,,
774,Minior-Orange Core,Rock,Flying,60,100,60,100,60,120,Shields Down,,
774,Minior-Yellow Core,Rock,Flying,60,100,60,100,60,120,Shields Down,,
774,Minior-Green Core,Rock,Flying,60,100,60,100,60,120,Shields Down,,
774,Minior-Blue Core,Rock,Flying,60,100,60,100,60,120,Shields Down,,
774,Minior-Indigo Core,Rock,Flying,60,100,60,100,60,120,Shields Down,,
774,Minior-Violet Core,Rock,Flying,60,100,60,100,60,120,Shields Down,,
775,Komala,Normal,,65,115,65,75,95,65,Comatose,,
776,Turtonator,Fire,Dragon,60,78,135,91,85,36,Shell Armor,,
777,Togedemaru,Electric,Steel,65,98,63,40,73,96,Iron Barbs ,Lightning Rod,Sturdy
778,Mimikyu,Ghost,Fairy,55,90,80,50,105,96,Disguise,,
779,Bruxish,Water,Psychic,68,105,70,70,70,92,Dazzling ,Strong Jaw ,Wonder Skin
780,Drampa,Normal,Dragon,78,60,85,135,91,36,Berserk ,Sap Sipper ,Cloud Nine
781,Dhelmise,Ghost,Grass,70,131,100,86,90,40,Steelworker,,
782,Jangmo-o,Dragon,,45,55,65,45,45,45,Bulletproof ,Soundproof ,Overcoat
783,Hakamo-o,Dragon,Fighting,55,75,90,65,70,65,Bulletproof ,Soundproof ,Overcoat
784,Kommo-o,Dragon,Fighting,75,110,125,100,105,85,Bulletproof ,Soundproof ,Overcoat
785,Tapu Koko,Electric,Fairy,70,115,85,95,75,130,Electric Surge ,Telepathy,
786,Tapu Lele,Psychic,Fairy,70,85,75,130,115,95,Psychic Surge ,Telepathy,
787,Tapu Bulu,Grass,Fairy,70,130,115,85,95,75,Grassy Surge ,Telepathy,
788,Tapu Fini,Water,Fairy,70,75,115,95,130,85,Misty Surge ,Telepathy,
789,Cosmog,Psychic,,43,29,31,29,31,37,Unaware,,
790,Cosmoem,Psychic,,43,29,131,29,131,37,Sturdy,,
791,Solgaleo,Psychic,Steel,137,137,107,113,89,97,Full Metal Body,,
792,Lunala,Psychic,Ghost,137,113,89,137,107,97,Shadow Shield,,
793,Nihilego,Rock,Poison,109,53,47,127,131,103,Beast Boost,,
794,Buzzwole,Bug,Fighting,107,139,139,53,53,79,Beast Boost,,
795,Pheromosa,Bug,Fighting,71,137,37,137,37,151,Beast Boost,,
796,Xurkitree,Electric,,83,89,71,173,71,83,Beast Boost,,
797,Celesteela,Steel,Flying,97,101,103,107,101,61,Beast Boost,,
798,Kartana,Grass,Steel,59,181,131,59,31,109,Beast Boost,,
799,Guzzlord,Dark,Dragon,223,101,53,97,53,43,Beast Boost,,
800,Necrozma,Psychic,,97,107,101,127,89,79,Prism Armor,,
800,Necrozma-Dusk-Mane,Psychic,Steel,97,157,127,113,109,77,Prism Armor,,
800,Necrozma-Dawn-Wings,Psychic,Ghost,97,113,109,157,127,77,Prism Armor,,
800,Necrozma-Ultra,Psychic,Dragon,97,167,97,167,97,129,Neuroforce,,
801,Magearna,Steel,Fairy,80,95,115,130,115,65,Soul-Heart,,
802,Marshadow,Fighting,Ghost,90,125,80,90,90,125,Technician,,
803,Poipole,Poison,,67,73,67,73,67,73,Beast Boost,,
804,Naganadel,Poison,Dragon,73,73,73,127,73,121,Beast Boost,,
805,Stakataka,Rock,Steel,61,131,211,53,101,13,Beast Boost,,
806,Blacephalon,Fire,Ghost,53,127,53,151,79,107,Beast Boost,,
807,Zeraora,Electric,,88,112,75,102,80,143,Volt Absorb,,
808,Meltan,Steel,,46,65,65,55,35,34,Magnet Pull,,
809,Melmetal,Steel,,135,143,143,80,65,34,Iron Fist,,
810,Grookey,Grass,,50,65,50,40,40,65,Overgrow,,Grassy Surge
811,Thwackey,Grass,,70,85,70,55,60,80,Overgrow,,Grassy Surge
812,Rillaboom,Grass,,100,125,90,60,70,85,Overgrow,,Grassy Surge
813,Scorbunny,Fire,,50,71,40,40,40,69,Blaze,,Libero
814,Raboot,Fire,,65,86,60,55,60,94,Blaze,,Libero
815,Cinderace,Fire,,80,116,75,65,75,119,Blaze,,Libero
816,Sobble,Water,,50,40,40,70,40,70,Torrent,,Sniper
817,Drizzile,Water,,65,60,55,95,55,90,Torrent,,Sniper
818,Inteleon,Water,,70,85,65,125,65,120,Torrent,,Sniper
819,Skwovet,Normal,,70,55,55,35,35,25,Cheek Pouch,,Gluttony
820,Greedent,Normal,,120,95,95,55,75,20,Cheek Pouch,,Gluttony
821,Rookidee,Flying,,38,47,35,33,35,57,Keen Eye,Unnerve,Big Pecks
822,Corvisquire,Flying,,68,67,55,43,55,77,Keen Eye,Unnerve,Big Pecks
823,Corviknight,Flying,Steel,98,87,105,53,85,67,Pressure,Unnerve,Mirror Armor
824,Blipbug,Bug,,25,20,20,25,45,45,Swarm,Compound Eyes,Telepathy
825,Dottler,Bug,Psychic,50,35,80,50,90,30,Swarm,Compound Eyes,Telepathy
826,Orbeetle,Bug,Psychic,60,45,110,80,120,90,Swarm,Frisk,Telepathy
827,Nickit,Dark,,40,28,28,47,52,50,Run Away,Unburden,Stakeout
828,Thievul,Dark,,70,58,58,87,92,90,Run Away,Unburden,Stakeout
829,Gossifleur,Grass,,40,40,60,40,60,10,Cotton Down,Regenerator,Effect Spore
830,Eldegoss,Grass,,60,50,90,80,120,60,Cotton Down,Regenerator,Effect Spore
831,Wooloo,Normal,,42,40,55,40,45,48,Fluffy ,Run Away,Bulletproof
832,Dubwool,Normal,,72,80,100,60,90,88,Fluffy ,Steadfast,Bulletproof
833,Chewtle,Water,,50,64,50,38,38,44,Strong Jaw,Shell Armor,Swift Swim
834,Drednaw,Water,Rock,90,115,90,48,68,74,Strong Jaw,Shell Armor,Swift Swim
835,Yamper,Electric,,59,45,50,40,50,26,Ball Fetch,,Rattled
836,Boltund,Electric,,69,90,60,90,60,121,Strong Jaw,,Competitive
837,Rolycoly,Rock,,30,40,50,40,50,30,Steam Engine,Heatproof,Flash Fire
838,Carkol,Rock,Fire,80,60,90,60,70,50,Steam Engine,Flame Body,Flash Fire
839,Coalossal,Rock,Fire,110,80,120,80,90,30,Steam Engine,Flame Body,Flash Fire
840,Applin,Grass,Dragon,40,40,80,40,40,20,Ripen,Gluttony,Bulletproof
841,Flapple,Grass,Dragon,70,110,80,95,60,70,Ripen,Gluttony,Hustle
842,Appletun,Grass,Dragon,110,85,80,100,80,30,Ripen,Gluttony,Thick Fat
843,Silicobra,Ground,,52,57,75,35,50,46,Sand Spit,Shed Skin,Sand Veil
844,Sandaconda,Ground,,72,107,125,65,70,71,Sand Spit,Shed Skin,Sand Veil
845,Cramorant,Flying,Water,70,85,55,85,95,85,Gulp Missile,,
846,Arrokuda,Water,,41,63,40,40,30,66,Swift Swim,,Propeller Tail
847,Barraskewda,Water,,61,123,60,60,50,136,Swift Swim,,Propeller Tail
848,Toxel,Electric,Poison,40,38,35,54,35,40,Rattled,Static,Klutz
849,Toxtricity,Electric,Poison,75,98,70,114,70,75,Punk Rock,Plus,Technician
849,Toxtricity-Low Key,Electric,Poison,75,98,70,114,70,75,Punk Rock,Minus,Technician
850,Sizzlipede,Fire,Bug,50,65,45,50,50,45,Flash Fire,White Smoke,Flame Body
851,Centiskorch,Fire,Bug,100,115,65,90,90,65,Flash Fire,White Smoke,Flame Body
852,Clobbopus,Fighting,,50,68,60,50,50,32,Limber,,Technician
853,Grapploct,Fighting,,80,118,90,70,80,42,Limber,,Technician
854,Sinistea,Ghost,,40,45,45,74,54,50,Weak Armor,,Cursed Body
855,Polteageist,Ghost,,60,65,65,134,114,70,Weak Armor,,Cursed Body
856,Hatenna,Psychic,,42,30,45,56,53,39,Healer,Anticipation,Magic Bounce
857,Hattrem,Psychic,,57,40,65,86,73,49,Healer,Anticipation,Magic Bounce
858,Hatterene,Psychic,Fairy,57,90,95,136,103,29,Healer,Anticipation,Magic Bounce
859,Impidimp,Dark,Fairy,45,45,30,55,40,50,Prankster,Frisk,Pickpocket
860,Morgrem,Dark,Fairy,65,60,45,75,55,70,Prankster,Frisk,Pickpocket
861,Grimmsnarl,Dark,Fairy,95,120,65,95,75,60,Prankster,Frisk,Pickpocket
862,Obstagoon,Dark,Normal,93,90,101,60,81,95,Reckless,Guts,Defiant
863,Perrserker,Steel,,70,110,100,50,60,50,Battle Armor,Tough Claws,Steely Spirit
864,Cursola,Ghost,,60,95,50,145,130,30,Weak Armor,,Perish Body
865,Sirfetch'd,Fighting,,62,135,95,68,82,65,Steadfast,,Scrappy
866,Mr. Rime,Ice,Psychic,80,85,75,110,100,70,Tangled Feet,Screen Cleaner,Ice Body
867,Runerigus,Ground,Ghost,58,95,145,50,105,30,Wandering Spirit,,
868,Milcery,Fairy,,45,40,40,50,61,34,Sweet Veil,,Aroma Veil
869,Alcremie,Fairy,,65,60,75,110,121,64,Sweet Veil,,Aroma Veil
870,Falinks,Fighting,,65,100,100,70,60,75,Battle Armor,,Defiant
871,Pincurchin,Electric,,48,101,95,91,85,15,Lightning Rod,,Electric Surge
872,Snom,Ice,Bug,30,25,35,45,30,20,Shield Dust,,Ice Scales
873,Frosmoth,Ice,Bug,70,65,60,125,90,65,Shield Dust,,Ice Scales
874,Stonjourner,Rock,,100,125,135,20,20,70,Power Spot,,
875,Eiscue-Ice Face,Ice,,75,80,110,65,90,50,Ice Face,,
875,Eiscue-No Ice Face,Ice,,75,80,70,65,50,130,Ice Face,,
876,Indeedee,Psychic,Normal,60,65,55,105,95,95,Inner Focus,Synchronize,Psychic Surge
876,Indeedee-F,Psychic,Normal,70,55,65,95,105,85,Own Tempo,Synchronize,Psychic Surge
877,Morpeko,Electric,Dark,58,95,58,70,58,97,Hunger Switch,,
878,Cufant,Steel,,72,80,49,40,49,40,Sheer Force,,Heavy Metal
879,Copperajah,Steel,,122,130,69,80,69,30,Sheer Force,,Heavy Metal
880,Dracozolt,Electric,Dragon,90,100,90,80,70,75,Volt Absorb,Hustle,Sand Rush
881,Arctozolt,Electric,Ice,90,100,90,90,80,55,Volt Absorb,Static,Slush Rush
882,Dracovish,Water,Dragon,90,90,100,70,80,75,Water Absorb,Strong Jaw ,Sand Rush
883,Arctovish,Water,Ice,90,90,100,80,90,55,Water Absorb,Ice Body,Slush Rush
884,Duraludon,Steel,Dragon,70,95,115,120,50,85,Light Metal,Heavy Metal,Stalwart
885,Dreepy,Dragon,Ghost,28,60,30,40,30,82,Clear Body,Infiltrator,Cursed Body
886,Drakloak,Dragon,Ghost,68,80,50,60,50,102,Clear Body,Infiltrator,Cursed Body
887,Dragapult,Dragon,Ghost,88,120,75,100,75,142,Clear Body,Infiltrator,Cursed Body
888,Zacian,Fairy,,92,120,115,80,115,138,Intrepid Sword,,
888,Zacian-Crowned,Fairy,Steel,92,150,115,80,115,148,Intrepid Sword,,
889,Zamazenta,Fighting,,92,120,115,80,115,138,Dauntless Shield,,
889,Zamazenta-Crowned,Fighting,Steel,92,120,140,80,140,128,Dauntless Shield,,
890,Eternatus,Poison,Dragon,140,85,95,145,95,130,Pressure,,
891,Kubfu,Fighting,,60,90,60,53,50,72,Inner Focus,,
892,Urshifu,Fighting,Dark,100,130,100,63,60,97,Unseen Fist,,
892,Urshifu-Rapid-Strike,Fighting,Water,100,130,100,63,60,97,Unseen Fist,,
893,Zarude,Dark,Grass,105,120,105,70,95,105,Leaf Guard ,,
894,Regieleki,Electric,,80,100,50,100,50,200,Transistor,,
895,Regidrago,Dragon,,200,100,50,100,50,80,Dragon's Maw,,
896,Glastrier,Ice,,100,145,130,65,110,30,Chilling Neigh,,
897,Spectrier,Ghost,,100,65,60,145,80,130,Grim Neigh,,
898,Calyrex,Psychic,Grass,100,80,80,80,80,80,Unnerve,,
898,Calyrex-Ice,Psychic,Ice,100,165,150,85,130,50,As One,,
898,Calyrex-Shadow,Psychic,Ghost,100,85,80,165,100,150,As One,,
899,Wyrdeer,Normal,Psychic,103,105,72,105,75,65,Intimidate,Frisk,Sap Sipper
900,Kleavor,Bug,Rock,70,130,95,45,75,85,Swarm,Sheer Force,Sharpness
901,Ursaluna,Ground,Normal,130,140,105,45,80,50,Guts,Bulletproof,Unnerve
901,Ursaluna-Bloodmoon,Ground,Normal,113,70,120,135,65,52,Mind's Eye,,
902,Basculegion,Water,Ghost,120,112,65,80,75,78,Swift Swim,Adaptability,Mold Breaker
902,Basculegion-F,Water,Ghost,120,92,65,100,75,78,Swift Swim,Adaptability,Mold Breaker
903,Sneasler,Fighting,Poison,80,130,60,40,80,120,Pressure,Unburden,Poison Touch
904,Overqwil,Dark,Poison,85,115,95,65,65,85,Poison Point,Swift Swim,Intimidate
905,Enamorus,Fairy,Flying,74,115,70,135,80,106,Healer,,Contrary
905,Enamorus-Therian,Fairy,Flying,74,115,110,135,100,46,Overcoat,,
906,Sprigatito,Grass,,40,61,54,45,45,65,Overgrow,,Protean
907,Floragato,Grass,,61,80,63,60,63,83,Overgrow,,Protean
908,Meowscarada,Grass,Dark,76,110,70,81,70,123,Overgrow,,Protean
909,Fuecoco,Fire,,67,45,59,63,40,36,Blaze,,Unaware
910,Crocalor,Fire,,81,55,78,90,58,49,Blaze,,Unaware
911,Skeledirge,Fire,Ghost,104,75,100,110,75,66,Blaze,,Unaware
912,Quaxly,Water,,55,65,45,50,45,50,Torrent,,Moxie
913,Quaxwell,Water,,70,85,65,65,60,65,Torrent,,Moxie
914,Quaquaval,Water,Fighting,85,120,80,85,75,85,Torrent,,Moxie
915,Lechonk,Normal,,54,45,40,35,45,35,Aroma Veil,Gluttony,Thick Fat
916,Oinkologne,Normal,,110,100,75,59,80,65,Lingering Aroma,Gluttony,Thick Fat
916,Oinkologne-F,Normal,,115,90,70,59,90,65,Aroma Veil,Gluttony,Thick Fat
917,Tarountula,Bug,,35,41,45,29,40,20,Insomnia,,Stakeout
918,Spidops,Bug,,60,79,92,52,86,35,Insomnia,,Stakeout
919,Nymble,Bug,,33,46,40,21,25,45,Swarm,,Tinted Lens
920,Lokix,Bug,Dark,71,102,78,52,55,92,Swarm,,Tinted Lens
921,Pawmi,Electric,,45,50,20,40,25,60,Static,Natural Cure,Iron Fist
922,Pawmo,Electric,Fighting,60,75,40,50,40,85,Volt Absorb,Natural Cure,Iron Fist
923,Pawmot,Electric,Fighting,70,115,70,70,60,105,Volt Absorb,Natural Cure,Iron Fist
924,Tandemaus,Normal,,50,50,45,40,45,75,Run Away,Pickup,Own Tempo
925,Maushold,Normal,,74,75,70,65,75,111,Friend Guard,Cheek Pouch,Technician
925,Maushold-Family of 4,Normal,,74,75,70,65,75,111,Friend Guard,Cheek Pouch,Technician
925,Maushold-Family of 3,Normal,,74,75,70,65,75,111,Friend Guard,Cheek Pouch,Technician
926,Fidough,Fairy,,37,55,70,30,55,65,Own Tempo,,Klutz
927,Dachsbun,Fairy,,57,80,115,50,80,95,Well- Baked Body,,Aroma Veil
928,Smoliv,Grass,Normal,41,35,45,58,51,30,Early Bird,,Harvest
929,Dolliv,Grass,Normal,52,53,60,78,78,33,Early Bird,,Harvest
930,Arboliva,Grass,Normal,78,69,90,125,109,39,Seed Sower,,Harvest
931,Squawkabilly-Green,Normal,Flying,82,96,51,45,51,92,Intimidate,Hustle,Guts
931,Squawkabilly-Blue,Normal,Flying,82,96,51,45,51,92,Intimidate,Hustle,Guts
931,Squawkabilly-Yellow,Normal,Flying,82,96,51,45,51,92,Intimidate,Hustle,Sheer Force
931,Squawkabilly-White,Normal,Flying,82,96,51,45,51,92,Intimidate,Hustle,Sheer Force
932,Nacli,Rock,,55,55,75,35,35,25,Purifying Salt,Sturdy,Clear Body
933,Naclstack,Rock,,60,60,100,35,65,35,Purifying Salt,Sturdy,Clear Body
934,Garganacl,Rock,,100,100,130,45,90,35,Purifying Salt,Sturdy,Clear Body
935,Charcadet,Fire,,40,50,40,50,40,35,Flash Fire,,Flame Body
936,Armarouge,Fire,Psychic,85,60,100,125,80,75,Flash Fire,,Weak Armor
937,Ceruledge,Fire,Ghost,75,125,80,60,100,85,Flash Fire,,Weak Armor
938,Tadbulb,Electric,,61,31,41,59,35,45,Own Tempo,Static,Damp
939,Bellibolt,Electric,,109,64,91,103,83,45,Electromorphosis,Static,Damp
940,Wattrel,Electric,Flying,40,40,35,55,40,70,Wind Power,Volt Absorb,Competitive
941,Kilowattrel,Electric,Flying,70,70,60,105,60,125,Wind Power,Volt Absorb,Competitive
942,Maschiff,Dark,,60,78,60,40,51,51,Intimidate,Run Away,Stakeout
943,Mabosstiff,Dark,,80,120,90,60,70,85,Intimidate,Guard Dog,Stakeout
944,Shroodle,Poison,Normal,40,65,35,40,35,75,Unburden,Pickpocket,Prankster
945,Grafaiai,Poison,Normal,63,95,65,80,72,110,Unburden,Poison Touch,Prankster
946,Bramblin,Grass,Ghost,40,65,30,45,35,60,Wind Rider,,Infiltrator
947,Brambleghast,Grass,Ghost,55,115,70,80,70,90,Wind Rider,,Infiltrator
948,Toedscool,Ground,Grass,40,40,35,50,100,70,Mycelium Might,,
949,Toedscruel,Ground,Grass,80,70,65,80,120,100,Mycelium Might,,
950,Klawf,Rock,,70,100,115,35,55,75,Anger Shell,Shell Armor,Regenerator
951,Capsakid,Grass,,50,62,40,62,40,50,Chlorophyll,Insomnia,Klutz
952,Scovillain,Grass,Fire,65,108,65,108,65,75,Chlorophyll,Insomnia,Moody
953,Rellor,Bug,,41,50,60,31,58,30,Compoundeyes,,Shed Skin
954,Rabsca,Bug,Psychic,75,50,85,115,100,45,Synchronize,,Telepathy
955,Flittle,Psychic,,30,35,30,55,30,75,Anticipation,Frisk,Speed Boost
956,Espathra,Psychic,,95,60,60,101,60,105,Opportunist,Frisk,Speed Boost
957,Tinkatink,Fairy,Steel,50,45,45,35,64,58,Mold Breaker,Own Tempo,Pickpocket
958,Tinkatuff,Fairy,Steel,65,55,55,45,82,78,Mold Breaker,Own Tempo,Pickpocket
959,Tinkaton,Fairy,Steel,85,75,77,70,105,94,Mold Breaker,Own Tempo,Pickpocket
960,Wiglett,Water,,10,55,25,35,25,95,Gooey,Rattled,Sand Veil
961,Wugtrio,Water,,35,100,50,50,70,120,Gooey,Rattled,Sand Veil
962,Bombirdier,Flying,Dark,70,103,85,60,85,82,Big Pecks,Keen Eye,Rocky Payload
963,Finizen,Water,,70,45,40,45,40,75,Water Veil,,
964,Palafin,Water,,100,70,72,53,62,100,Zero to Hero,,
964,Palafin-Hero,Water,,100,160,97,106,87,100,Zero to Hero,,
965,Varoom,Steel,Poison,45,70,63,30,45,47,Overcoat,,Slow Start
966,Revavroom,Steel,Poison,80,119,90,54,67,90,Overcoat,,Filter
967,Cyclizar,Dragon,Normal,70,95,65,85,65,121,Shed Skin,,Regenerator
968,Orthworm,Steel,,70,85,145,60,55,65,Earth Eater,,Sand Veil
969,Glimmet,Rock,Poison,48,35,42,105,60,60,Toxic Debris,,Corrosion
970,Glimmora,Rock,Poison,83,55,90,130,81,86,Toxic Debris,,Corrosion
971,Greavard,Ghost,,50,61,60,30,55,34,Pickup,,Fluffy
972,Houndstone,Ghost,,72,101,100,50,97,68,Sand Rush,,Fluffy
973,Flamigo,Flying,Fighting,82,115,74,75,64,90,Scrappy,Tangled Feet,Costar
974,Cetoddle,Ice,,108,68,45,30,40,43,Thick Fat,Snow Cloak,Sheer Force
975,Cetitan,Ice,,170,113,65,45,55,73,Thick Fat,Slush Rush,Sheer Force
976,Veluza,Water,Psychic,90,102,73,78,65,70,Mold Breaker,,Sharpness
977,Dondozo,Water,,150,100,115,65,65,35,Unaware,Oblivious,Water Veil
978,Tatsugiri-Curly,Dragon,Water,68,50,60,120,95,82,Commander,,Storm Drain
978,Tatsugiri-Droopy,Dragon,Water,68,50,60,120,95,82,Commander,,Storm Drain
978,Tatsugiri-Stretchy,Dragon,Water,68,50,60,120,95,82,Commander,,Storm Drain
979,Annihilape,Fighting,Ghost,110,115,80,50,90,90,Vital Spirit,Inner Focus,Defiant
980,Clodsire,Poison,Ground,130,75,60,45,100,20,Poison Point,Water Absorb,Unaware
981,Farigiraf,Normal,Psychic,120,90,70,110,70,60,Cud Chew,Armor Tail,Sap Sipper
982,Dudunsparce,Normal,,125,100,80,85,75,55,Serene Grace,Run Away,Rattled
982,Dudunsparce-Three-Segment,Normal,,125,100,80,85,75,55,Serene Grace,Run Away,Rattled
983,Kingambit,Dark,Steel,100,135,120,60,85,50,Defiant,Supreme Overlord,Pressure
984,Great Tusk,Ground,Fighting,115,131,131,53,53,87,Protosynthesis,,
985,Scream Tail,Fairy,Psychic,115,65,99,65,115,111,Protosynthesis,,
986,Brute Bonnet,Grass,Dark,111,127,99,79,99,55,Protosynthesis,,
987,Flutter Mane,Ghost,Fairy,55,55,55,135,135,135,Protosynthesis,,
988,Slither Wing,Bug,Fighting,85,135,79,85,105,81,Protosynthesis,,
989,Sandy Shocks,Electric,Ground,85,81,97,121,85,101,Protosynthesis,,
990,Iron Treads,Ground,Steel,90,112,120,72,70,106,Quark Drive,,
991,Iron Bundle,Ice,Water,56,80,114,124,60,136,Quark Drive,,
992,Iron Hands,Fighting,Electric,154,140,108,50,68,50,Quark Drive,,
993,Iron Jugulis,Dark,Flying,94,80,86,122,80,108,Quark Drive,,
994,Iron Moth,Fire,Poison,80,70,60,140,110,110,Quark Drive,,
995,Iron Thorns,Rock,Electric,100,134,110,70,84,72,Quark Drive,,
996,Frigibax,Dragon,Ice,65,75,45,35,45,55,Thermal Exchange,,Ice Body
997,Arctibax,Dragon,Ice,90,95,66,45,65,62,Thermal Exchange,,Ice Body
998,Baxcalibur,Dragon,Ice,115,145,92,75,86,87,Thermal Exchange,,Ice Body
999,Gimmighoul-Chest,Ghost,,45,30,70,75,70,10,Rattled,,
999,Gimmighoul-Roaming,Ghost,,45,30,25,75,45,80,Run Away,,
1000,Gholdengo,Steel,Ghost,87,60,95,133,91,84,Good as Gold,,
1001,Wo-Chien,Dark,Grass,85,85,100,95,135,70,Tablets of Ruin,,
1002,Chien-Pao,Dark,Ice,80,120,80,90,65,135,Sword of Ruin,,
1003,Ting-Lu,Dark,Ground,155,110,125,55,80,45,Vessel of Ruin,,
1004,Chi-Yu,Dark,Fire,55,80,80,135,120,100,Beads of Ruin,,
1005,Roaring Moon,Dragon,Dark,105,139,71,55,101,119,Protosynthesis,,
1006,Iron Valiant,Fairy,Fighting,74,130,90,120,60,116,Quark Drive,,
1007,Koraidon,Fighting,Dragon,100,135,115,85,100,135,Orichalcum Pulse,,
1008,Miraidon,Electric,Dragon,100,85,100,135,115,135,Hadron Engine,,
1009,Walking Wake,Water,Dragon,99,83,91,125,83,109,Protosynthesis,,
1010,Iron Leaves,Grass,Psychic,90,130,88,70,108,104,Quark Drive,,
1011,Dipplin,Grass,Dragon,80,80,110,95,80,40,Supersweet Syrup,Gluttony,Sticky Hold
1012,Poltchageist,Grass,Ghost,40,45,45,74,54,50,Hospitality,,Heatproof
1013,Sinistcha,Grass,Ghost,71,60,106,121,80,70,Hospitality,,Heatproof
1014,Okidogi,Poison,Fighting,88,128,115,58,86,80,Toxic Chain,,Guard Dog
1015,Munkidori,Poison,Psychic,88,75,66,130,90,106,Toxic Chain,,Frisk
1016,Fezandipiti,Poison,Fairy,88,91,82,70,125,99,Toxic Chain,,Technician
1017,Ogerpon,Grass,,80,120,84,60,96,110,Defiant,,
1017,Ogerpon-Wellspring,Grass,Water,80,120,84,60,96,110,Water Absorb,,
1017,Ogerpon-Hearthflame,Grass,Fire,80,120,84,60,96,110,Mold Breaker,,
1017,Ogerpon-Cornerstone,Grass,Rock,80,120,84,60,96,110,Sturdy,,
1018,Archaludon,Steel,Dragon,90,105,130,125,65,85,Stamina,Strudy,Stalwart
1019,Hydrapple,Grass,Dragon,106,80,110,120,80,44,Supersweet Syrup,Regenerator,Sticky Hold
1020,Gouging Fire,Fire,Dragon,105,115,121,65,93,91,Protosynthesis,,
1021,Raging Bolt,Electric,Dragon,125,73,91,137,89,75,Protosynthesis,,
1022,Iron Boulder,Rock,Psychic,90,120,80,68,108,124,Quark Drive,,
1023,Iron Crown,Steel,Psychic,90,72,100,122,108,98,Quark Drive,,
1024,Terapagos,Normal,,90,65,85,65,85,60,Tera Shift,,
1024,Terapagos-Terastal,Normal,,95,95,110,105,110,85,Tera Shell,,
1024,Terapagos-Stellar,Normal,,160,105,110,130,110,85,Teraform Zero,,
1025,Pecharunt,Poison,Ghost,88,88,160,88,88,88,Poison Puppeteer,,
